사업대분류명,사업중분류명,사업소분류명,사업명,사업내용,이용대상내용,이용방법내용,운영시간내용,문의처내용,대상아동나이,대상관심,대상지역,자세히보기사이트주소,신청하기사이트주소
육아,일자리지원, ,우먼업 고용장려금,인턴을 정규채용한 기업에 300만원 지급,인턴십 참여기업,공고문에 따른 접수,,1660-3040,연령무관,육아 - 일자리지원,서울시,https://www.seoulwomanup.or.kr,.
건강힐링,임산부 지원 강화,35세 이상 산모 검사비 지원,35세 이상 임산부 외래 진료 및 검사비 지원,"의료비 부담이 큰 35세 이상 산모 대상 외래진료 및 검사에 소요되는 비용을 소득과 무관하게 최대 50만원까지 지원 (24년 3월 사회보장제도 신설 협의 완료, 24년 8월까지 사업추진을 위한  사전절차 진행 예정으로 구체적인 시행시기, 소급지원 등에 대한 내용은 추후 안내 예정)",서울시 거주 35세 이상 산모,외래 진료 및 검사 후 서류 첨부하여 몽땅정보만능키에서 신청,,02-120,임신?출산,"임신?출산 준비,건강","강남구,강동구,강북구,강서구,관악구,광진구,구로구,금천구,노원구,도봉구,동대문구,동작구,마포구,서대문구,서초구,성동구,성북구,송파구,양천구,영등포구,용산구,은평구,종로구,중구,중랑구",.,.
육아,놀이?외출지원, ,가족배려주차장,서울시 공공?민간주차장(30면 아상) 10% 이상을 가족배려주차장으로 조성 약자 동반 가족을 배려하는 新 주차문화 조성,① 임산부 또는 임산부를 동반한 사람 ② 6세 미만 영유아 동반 차량  ③ 고령 등으로 일상생활에서 이동이 불편한 사람 또는 이를 동반한 사람,가족배려주차장 이용대상 우선 주차,각 공공?민간주차장 운영시간과 동일,서울시 주차계획과(02-2133-2358),0세 ~ 6세,육아 - 놀이?외출지원,서울시,.,.
건강힐링,영유아 건강한발달 지원,육아전문가 양육 코칭 지원,육아전문가 양육코칭,육아전문가의 3단계 맞춤형 육아 솔루션 지원 - 1단계 : 전문가 포럼 - 2단계 1:5 소그룹 코칭 - 3단계 : 1:1 맞춤형 코칭,예비 양육자 및 만0-6세 자녀를 양육하는 서울시민,사전신청,-,서울시육아종합지원센터(02-772-9814~9),"임신?출산,0~2세,3~5세,6~9세","보육?돌봄,교육","강남구,강동구,강북구,강서구,관악구,광진구,구로구,금천구,노원구,도봉구,동대문구,동작구,마포구,서대문구,서초구,성동구,성북구,송파구,양천구,영등포구,용산구,은평구,종로구,중구,중랑구",.,https://sscccoaching.creatorlink.net/
양육,일자리지원, ,서울형 강소기업 지원,"① 청년 정규직 채용 시, 사내복지 개선 등 근무환경개선금 최대 45백만원 지원   ② 육아휴직자 대체 청년인턴에 최대 23개월 인건비 지원으로 업무공백 해소   ③ 육아친화 및 일?생활 균형 조직문화 조성을 위한 교육?컨설팅 지원   ④ 마음챙김, 스트레스 관리로 신입사원 번아웃 예방을 위한 청년성장 프로그램 제공","서울 소재 중소기업 중 공공기관 인증을 받은 기업 대상으로 청년일자리 창출 확대 및 일 생활 균형 조직문화, 고용안정성, 복지혜택이 우수하다고 서울시가 선정한 기업",모집공고 → 신청 → 서류심사 → 현장실사 → 면접심사 → 최종선정,,서울특별시 일자리정책과(02-2133-5438),연령무관,양육 - 일자리지원,서울시,http://www.seouljobnow.co.kr/,http://www.seouljobnow.co.kr/
출산,수유지원, ,서울맘 찾아가는 행복 수유 지원,1:1 찾아가는 모유수유 전문가 관리 서비스 지원,서울시 거주 출산 후 8주 이내 모유수유 희망 모든 임산부,서울시 임신출산정보센터(사이트) 온라인 신청,,주소지 보건소 사업담당,0세 ~ 1세,출산 - 수유지원,서울시,https://seoul-agi.seoul.go.kr/breast-feeding,https://seoul-agi.seoul.go.kr/breast-feeding
육아,놀이?외출지원, ,서울키즈 오케이존,"아이와 양육자가 환영받고 편하게 외식할 수 있도록 음식점 및 카페 등을 대상으로‘서울키즈 오케이존’ 지정 (대상업소들의 자율적 동참) 지정업체는 아이를 환영하는 가게 라는 것을 알 수 있도록 식별마크 부착 및 아이의자, 아이식기 등 식사 도움용품 구비",영유아 및 아이 동반 양육자,서울키즈 오케이존 찾기: 서울키즈오케이존 소개 페이지 및 스마트서울맵을 통해 검색 후 방문,,서울시 저출생담당관(02-2133-5030),연령무관,육아 - 놀이?외출지원,서울시,https://umppa.seoul.go.kr/hmpg/kiok/list/kiokListPage.do,https://umppa.seoul.go.kr/hmpg/kiok/appl/applAgreRegistForm.do
일생활균형,일생활 균형문화 확산,서울형 新일?생활 균형 3종 패키지,서울형 新일?생활 균형 3종 패키지,양육 친화 기업문화 조성을 위해 서울형 新 일?생활 균형 3종 패키지를 시행함으로써 초저출생 위기 극복 및 일?생활 균형 문화 확산 ? 배우자 출산휴가 의무제(10일) ? 육아휴직 사용 활성화 ? 육아기 근로시간 단축 사용 권고제 (연 1회),"서울시 공무원, 투자?출연기관 및 민간기업(서울형 강소기업 중심) 임직원",기관별 관련규정 개정 및 시행,,서울시 양성평등담당관(02-2133-5038),"임신?출산,0~2세,3~5세,6~9세,10세 이상",일생활균형,"강남구,강동구,강북구,강서구,관악구,광진구,구로구,금천구,노원구,도봉구,동대문구,동작구,마포구,서대문구,서초구,성동구,성북구,송파구,양천구,영등포구,용산구,은평구,종로구,중구,중랑구",.,.
편한외출,양육 친화 외출 환경 조성,,서울키즈오케이존,"아이와 양육자가 환영받고 편하게 외식할 수 있도록 음식점 및 카페 등을 대상으로‘서울키즈 오케이존’ 지정(대상업소들의 자율적 동참) 지정업체는 아이를 환영하는 가게 라는 것을 알 수 있도록 식별마크 부착 및 아이의자, 아이식기 등 식사 도움용품 구비",영유아 및 아이 동반 양육자,서울키즈 오케이존 찾기: 스마트서울맵을 통해 검색 후 방문,,서울시 저출생담당관(02-2133-5023),"0~2세,3~5세,6~9세,10세 이상","외출,문화","강남구,강동구,강북구,강서구,관악구,광진구,구로구,금천구,노원구,도봉구,동대문구,동작구,마포구,서대문구,서초구,성동구,성북구,송파구,양천구,영등포구,용산구,은평구,종로구,중구,중랑구",https://map.seoul.go.kr/smgis2/short/6O42j,.
편한외출,엄빠?아이가 행복한 놀이 환경 조성,엄빠행복 문화 프로젝트,엄마 북(Book)돋움 사업,"엄마아빠책 1권, 우리아이책 2권, 시 육아정책정보를 담은 북돋움 책상자 배송",임산부(임신 3개월~출산 후 3개월),임산부교통비지원 시스템에서 온라인 신청,-,"서울도서관(2133-0210, 0227)",임신?출산,"문화,교육","강남구,강동구,강북구,강서구,관악구,광진구,구로구,금천구,노원구,도봉구,동대문구,동작구,마포구,서대문구,서초구,성동구,성북구,송파구,양천구,영등포구,용산구,은평구,종로구,중구,중랑구",https://lib.seoul.go.kr/rwww/html/ko/bookUp.jsp,https://www.seoulmomcare.com/main/main.do
일생활균형,경력보유여성 취업지원,경력보유여성 취업 3종세트,우먼업 고용촉진지원금,인턴을 정규채용한 기업에 월100만원*3개월 지급,인턴십 참여기업,공고문에 따른 접수,,1660-3040,"임신?출산,0~2세,3~5세,6~9세,10세 이상",일생활균형,"강남구,강동구,강북구,강서구,관악구,광진구,구로구,금천구,노원구,도봉구,동대문구,동작구,마포구,서대문구,서초구,성동구,성북구,송파구,양천구,영등포구,용산구,은평구,종로구,중구,중랑구",https://www.seoulwomanup.or.kr,https://www.seoulwomanup.or.kr
탄생응원,난임 부부지원 확대,서울형 난임부부 시술비 지원,서울형 난임부부 시술비 지원,난임시술 비용의 본인부담액에 대한 시술별 지원상한액 지원 - 횟수 : 총 25회(누적) - 지원금액: 시술별 1회당 최대 30만원~110만원,- 서울시 모든 난임부부(사실혼 포함),"온라인 또는 보건소 방문 구비서류 제출  - 온라인 : 정부24(www.gov.kr), e보건소 공공포털(www.e-health.go.kr)  - 주소지 보건소 방문",해당없음,- 주소지 보건소 - 120다산콜센터,임신?출산,건강,"강남구,강동구,강북구,강서구,관악구,광진구,구로구,금천구,노원구,도봉구,동대문구,동작구,마포구,서대문구,서초구,성동구,성북구,송파구,양천구,영등포구,용산구,은평구,종로구,중구,중랑구",https://seoul-agi.seoul.go.kr/resource-room/241?curPage=1,.
출산,건강지원, ,산후 우울증 정신건강 서비스,"서울아기 건강첫걸음사업전담간호사가 출산가정을 방문하여 산후우울 검사 및 고위험자 정신건강복지센터 연계, 정신건강 심층상담",출산 전후 2년 이내 임산부,주소지 보건소 '서울아기건강첫걸음사업' 참여 신청,평일 09:00~18:00,주소지 보건소,0세 ~ 2세,출산 - 건강지원,서울시,.,.
육아,수당?급여, ,가정양육수당,"연령별로 월별 10~20만원 지원 ① 일반아동 24~86개월 미만: 100,000원 ② 장애아동 24개월~35개월 : 200,000원 36~86개월 미만: 100,000원 * 부모급여 및 보육료와 중복지급 불가",가정에서 양육하는 24개월 ~ 86개월 미만 초등학교 미취학 아동,"동 주민센터, 복지로에서 신청",,교육부 콜센터(02-6222-6060),2세 ~ 7세,육아 - 수당?급여,서울시,https://www.bokjiro.go.kr/ssis-tbu/twataa/wlfareInfo/moveTWAT52011M.do?wlfareInfoId=WLF00003253,https://www.bokjiro.go.kr/ssis-tbu/twataa/wlfareInfo/moveTWAT52011M.do?wlfareInfoId=WLF00003253
건강힐링,아이 건강한 식사지원,가정행복 도시락?밀키트 할인,가정행복 도시락?밀키트 할인,"편의점(CU): 30일 할인쿠폰 지급  ※ GS편의점은 2023년 12월 말로 협약이 종료되었습니다. - 도시락&밀키트 등 20% 할인 - 카페음료 25% 할인 오아시스: 금액별 할인쿠폰 지급 - 월 4장 지급, 타 기획전 할인쿠폰 중복 적용 가능(문자 발급 쿠폰 중복 적용 불가능) - 오아시스마켓 배송상품 모두 사용 가능  신청기간 : 매달 20일~27일까지 선착순 접수 (쿠폰 발송일은 신청월 다음달 1일 , 휴일일 경우 2일)",서울시 거주 18세 이하 자녀 1명 이상 있는 가구(조손가구 포함) * 부모(또는 조부모) 1명당 각각 자녀별 신청 가능,"협약사(CU,오아시스)에서 문자로 발송된 쿠폰 번호를 해당 협약사 어플에서 등록 후 사용",(별도로 없음),서울시 가족다문화담당관(02-2133-8689),"임신?출산,0~2세,3~5세,6~9세,10세 이상","보육?돌봄,일생활균형","강남구,강동구,강북구,강서구,관악구,광진구,구로구,금천구,노원구,도봉구,동작구,마포구,서대문구,서초구,성동구,성북구,송파구,양천구,영등포구,용산구,은평구,종로구,중구,중랑구",.,https://umppa.seoul.go.kr/hmpg/hehe/suea/difa/appl/applAgreRegistForm.do
건강힐링,임산부 지원 강화,서울형 산후조리경비 지원,서울형 산모 산후조리경비 지원,"산모 1인당 산후조리경비 100만원 산모 본인 명의 신용(체크)카드에 100만원 바우처 포인트 지급   ※ 단태아 100만원, 쌍태아 200만원, 삼태아 300만원 출산일로부터 60일 이내 신청   ※ ‘23. 7. 1일 부터 ‘23. 8.31일 기간 내 출생아의 경우 ‘23.10.31일까지 신청","서울시에 주민등록을 두고 있는 산모 ※ ’23. 7. 1일 이후 출산한 산모부터 적용 ※ 사전준비사항  - 신청일 현재 신생아의 출생신고가 서울시에 되어 있어야 하며, 아래 카드사의 본인명의의 카드를 소지하고 있어야 바우처 지급이 가능    ? 신한카드(국민행복카드만 가능), 삼성카드, KB국민카드, 우리카드, BC카드(IBK기업은행, 신협, 새마을금고, 우체국)","포인트사용처 ① 산모?신생아 건강관리 서비스 개인부담금의 90%(최대 50만원) 지원 ② 의약품, 한약조제 건강식품 구매 ③ 산후 운동수강 서비스 - (몸건강) 체형교정, 전신마사지, 붓기관리, 탈모관리, 요가, 필라테스 - (마음건강) 산후 우울증 검사 및 상담치료  ※  ①번 서비스 50만원 상당의 바우처 지급, ②+③번 서비스 50만원 상당의 바우처 지급",,온라인 : 서울맘케어 시스템(www.seoulmomcare.com) 오프라인 : 거주지 동주민센터 방문신청,임신?출산,건강,"강남구,강동구,강북구,강서구,관악구,광진구,구로구,금천구,노원구,도봉구,동대문구,동작구,마포구,서대문구,서초구,성동구,성북구,송파구,양천구,영등포구,용산구,은평구,종로구,중구,중랑구",https://www.seoulmomcare.com/notice/pcGuide.do,.
안심돌봄,공보육?초등돌봄 시설 확충,초등돌봄 공적 인프라 확충,지역아동센터,"아동보호(일상생활, 학습지도, 급식제공), 정서지원, 문화체험활동 등 돌봄 제공","18세미만 아동(초,중,고등학생)","동주민센터, 해당지역아동센터에 돌봄서비스 신청",09:00~20:00(평일-센터별 상이),동주민센터,"0~2세,3~5세,6~9세,10세 이상",보육?돌봄,"강남구,강동구,강북구,강서구,관악구,광진구,구로구,금천구,노원구,도봉구,동대문구,동작구,마포구,서대문구,서초구,성동구,성북구,송파구,양천구,영등포구,용산구,은평구,종로구,중구,중랑구",https://icare.seoul.go.kr/icare/user/fcltyInfoManage/BD_selectLocalCenterContactList.do?q_tap=1,.
임신(준비),건강지원, ,행복맘 지원 손목닥터9988 운영,스마트워치와 전용 앱을 통한 건강관리 서비스 제공,’24년도 출산 경험이 있는 서울시민,"특별모집 신청 시기(잠정 ’24.8월)에 손목닥터9988 앱 또는 홈페이지 통해 신규 회원가입 후 배송된 스마트워치와 앱 연동하여 서비스 이용 ※ 휴대폰 앱 또는 개인워치(갤럭시, 애플)로 참여 희망자는 상시 모집 중",,손목닥터 9988 고객센터 (1811-9988),연령무관,임신(준비) - 건강지원,서울시,https://onhealth.seoul.go.kr/,https://onhealth.seoul.go.kr/
육아,돌봄인프라, ,휴일보육,일요일 및 공휴일(토요일 제외) 보육서비스 제공,어린이집을 이용중인 영유아,"해당어린이집 전화접수(기존 교사의 당직근무로 운영하므로, 교사배치 가능여부 사전협의 필요)",일요일 및 공휴일(토요일 제외) 07:30~19:30(어린이집에 따라 운영시간 다를 수 있음),서울시 영유아담당관(02-2133-5116),0세 ~ 5세,육아 - 돌봄인프라,서울시,https://iseoul.seoul.go.kr/portal/reservation/holi_info.do,https://iseoul.seoul.go.kr/portal/reservation/holidayList.do
안심돌봄,돌봄공백지원,영유아 긴급보육 서비스,시간제 보육,만6개월~36개월 부모급여 또는 양육수당 수급 아동대상 시간제보육 지원,만6개월~36개월 미만 아동,시간제 보육 아동으로 임신육아종합포털 아이사랑(보건복지부) www.childcare.go.kr 사전등록 후 사전예약 또는 당일 신청,09:00~18:00,서울시육아종합지원센터(02-772-9814~9),0~2세,보육?돌봄,"강남구,강동구,강북구,강서구,관악구,광진구,구로구,금천구,노원구,도봉구,동대문구,동작구,마포구,서대문구,서초구,성동구,성북구,송파구,양천구,영등포구,용산구,은평구,종로구,중구,중랑구",https://www.childcare.go.kr/,https://www.childcare.go.kr/
일생활균형,일생활 균형문화 확산,서울형 육아휴직장려금,육아휴직장려금,"○ 1인 최대 120만원 지원     - 육아휴직기간 연속 6개월 시 60만원, 연속 12개월 경과 시 60만원 추가지급      ※ 부?모 동시 육아휴직 시 각각 지급 (자녀 1인에 대해 가구당 최대 240만원 지급)",○ 신청일 기준 서울시에 1년 이상 계속해서 주민등록한 자(아래 조건 모두 충족 시)     - 기준 중위소득 150%이하(서울형 육아휴직 장려금 공지사항 필독)      ※ 건강보험료 본인부담금 납부액(장기요양보험료 제외)을 기준으로 월평균 가구소득 금액 산정      <span	class='color_red'>※ 고용보험 가입 후 2023.1.1.~2023.12.31. 중 육아휴직을 시작하여 육아휴직 급여를 6개월 이상 연속 수급한 자에 한해 2024.12.15.까지 신청 가능 </span>      <span	class='color_red'>※ 2022년 또는 2024년에 육아휴직을 시작한 자는 지급 불가능</span>,○ 신청방법: 온라인 신청(동주민센터 방문신청 불가) ○ 문의사항: 거주지 동주민센터 또는 서울특별시 다산콜재단(☎120),연중,120 다산콜재단 및 동주민센터,임신?출산,"수당?급여,일생활균형","강남구,강동구,강북구,강서구,관악구,광진구,구로구,금천구,노원구,도봉구,동대문구,동작구,마포구,서대문구,서초구,성동구,성북구,송파구,양천구,영등포구,용산구,은평구,종로구,중구,중랑구",.,https://umppa.seoul.go.kr/hmpg/liba/spba/sein/appl/applSelfRegistForm.do
안심돌봄,돌봄공백지원,서울형 틈새 아이돌봄 3종 서비스,병원동행 전담 아이돌봄서비스,부모의 맞벌이 등으로 아픈 자녀의 병원 동행을 할 수 없는 경우 아이돌보미가 병원 동행 및 가정 내 돌봄 서비스 제공,"비전염성 질병 감염, 예방접종, 정기검진 등으로 병원 내원이 필요한 양육공백 가정의 만 12세 이하 아동",아이돌봄서비스 (https://www.idolbom.go.kr/)에서 신청가능하며 이용가정의 상황에 맞춰 서비스제공기관(자치구 가족센터 등)에서 전담 돌보미를 연계,제한없음,서울시 아이돌봄담당관(02-2133-4812),"0~2세,3~5세,6~9세,10세 이상","보육?돌봄,건강","강남구,강동구,강북구,강서구,관악구,광진구,구로구,금천구,노원구,도봉구,동대문구,동작구,마포구,서대문구,서초구,성동구,성북구,송파구,양천구,영등포구,용산구,은평구,종로구,중구,중랑구",https://icare.seoul.go.kr/icare/dolbomMENU2/dolbomMENU2_3/dolbomMENU2_3_1.jsp,https://www.idolbom.go.kr/front/login
출산,건강지원, ,서울권역 난임?우울증 상담센터 운영,"난임부부, 유산?사산 경험부부, 임산부 및 양육모의 정서적 안정을 위해 전담 상담사가 등록부터 종결까지 1:1 상담 및 다양한 프로그램을 운영","난임부부, 유산?사산 경험부부, 임산부 및 양육모",센터 방문전 전화로 문의 및 상담 예약 필수  (1:1 상담으로 상담시간이 길어 질 수 있음),평일 ( 09:00~17:00 ),강남센터(강남세브란스병원 2동 3층) : 02-2019-4581 송파센터(가든파이브 영관 8층) : 02-6956-6248 보라매센터(전문건설회관 28층): 02-870-3617 금천구지역센터(뉴연세여성의원 10층):02-895-1002,연령무관,출산 - 건강지원,서울시,https://www.mindcare-for-family.kr/,.
육아,돌봄인프라, ,초등돌봄시설 공공성 강화(지역아동센터),"돌봄, 교육 및 일부 급?간식비 지원",초등학교 1학년 ~ 6학년,서울시우리동네키움포털에 온라인 신청,09:00~20:00(평일-센터별 상이),"해당지역아동센터, 구청, 서울시 아동담당관(02-2133-5179)",6세 ~ 12세,육아 - 돌봄인프라,서울시,https://icare.seoul.go.kr/icare/user/fcltyInfoManage/BD_selectLocalCenterContactList.do?q_tap=1,.
양육,돌봄인프라, ,서울형 0세 전담반 어린이집,12개월 미만의 영아 보육에 적합한 ‘0세 전담반’  어린이집 100개반 선정 운영,생후 12개월 미만 어린이집 보육아동,어린이집 입소 신청 및 등록,07:30~19:30,0세전담반 운영 어린이집 (서울시 보육포털-보육정보-우리동네어린이집),0세 ~ 1세,양육 - 돌봄인프라,서울시,https://iseoul.seoul.go.kr,.
육아,돌봄인프라, ,서울형 0세 전담반 어린이집(사업종료),12개월 미만의 영아 보육에 적합한 ‘0세 전담반’  어린이집 100개반 선정 운영,생후 12개월 미만 어린이집 보육아동,어린이집 입소 신청 및 등록,07:30~19:30,0세전담반 운영 어린이집 (서울시 보육포털-보육정보-우리동네어린이집),0세 ~ 1세,육아 - 돌봄인프라,서울시,https://iseoul.seoul.go.kr,.
안심돌봄,돌봄공백지원,서울형 틈새 아이돌봄 3종 서비스,아픈아이 전담 아이돌봄서비스,"부모의 맞벌이 등으로 아픈 자녀의 병원 동행을 할 수 없는 경우 아이돌보미가 병원 동행 및 가정 내 돌봄 서비스 제공('23년은 5개구 시범운영 중 : 성동, 동대문, 강북, 강서, 서초)","비전염성 질병 감염, 예방접종, 정기검진 등으로 병원 내원이 필요한 양육공백 가정의 만 12세 이하 아동",아이돌봄서비스 (https://www.idolbom.go.kr/)에서 신청가능하며 이용가정의 상황에 맞춰 서비스제공기관(자치구 가족센터 등)에서 전담 돌보미를 연계,제한없음,서울시 아이돌봄담당관(02-2133-4812),"0~2세,3~5세,6~9세,10세 이상","보육?돌봄,건강","강남구,강동구,강북구,강서구,관악구,광진구,구로구,금천구,노원구,도봉구,동대문구,동작구,마포구,서대문구,서초구,성동구,성북구,송파구,양천구,영등포구,용산구,은평구,종로구,중구,중랑구",https://icare.seoul.go.kr/icare/dolbomMENU2/dolbomMENU2_3/dolbomMENU2_3_1.jsp,https://www.idolbom.go.kr/front/login
양육,가사지원, ,외국인 가사관리사 시범사업,"서울지역 맞벌이 가구 등을 대상으로 외국인 가사관리사가 양육가정의 가사와 육아를 제공하는 서비스 - (서비스 유형) 시간제(4?6시간), 종일제(8시간)    * 이용가능일 : 월~금, 이용가능시간 : 08:00~20:00 - (서비스 내용) 외국인 가사관리사가 출퇴근 하면서 자녀돌봄 및 그와 관련된 가사활동 제공","만 12세(2011.7.18.이후 출생)이하 자녀를 두었거나 출산예정인 가정 ※ 한부모, 다자녀, 맞벌이, 임신부가 있는 가정 우선 이용자 선정","서비스 제공기관 홈페이지(혼스토리생활, 휴브리스)에서 신청(‘24.8월 예정)","2024.9월초~2025년 2월말, 6개월","서울시 가족담당관(2133-6545, 6547)",0세 ~ 12세,양육 - 가사지원,서울시,https://umppa.seoul.go.kr/hmpg/chpo/noti/bordContDetail.do?mode=W&bbs_no=1&pst_no=1D54BCF35A2A35A3E063A602216284C6,.
육아,돌봄지원, ,영아 전담 아이돌봄서비스,"출산휴가, 육아휴직 후 복귀하는 맞벌이 가정을 지원하고자 영아 돌봄 교육을 이수한 전담 돌보미가 영아 이유식 먹이기, 젖병 소독 등 영아 특화 돌봄서비스 제공",양육공백 가정의 만 36개월 이하 아동,아이돌봄서비스 (https://www.idolbom.go.kr/)에서 신청가능하며 이용가정의 상황에 맞춰 서비스제공기관(자치구 가족센터 등)에서 전담 돌보미를 연계,제한없음,"서울시 가족담당관(02-2133-6558), 가까운 자치구 서비스제공기관(자치구 가족센터 등) 연결(1577-2514)",0세 ~ 3세,육아 - 돌봄지원,서울시,https://icare.seoul.go.kr/icare/dolbomMENU2/dolbomMENU2_3/dolbomMENU2_3_1.jsp,https://www.idolbom.go.kr/front/login
건강힐링,임산부 지원 강화,35세 이상 산모 검사비 지원,35세 이상 산모 검사비 지원,35세 이상 산모 검사비 등 1인당 최대 100만원까지 지원 (사회보장제도 신설 협의중으로 확정시 재안내 예정),서울시 거주 35세 이상 산모,검사 후 관련 서류를 첨부하여 몽땅정보 만능키에서 신청,,02-120,임신?출산,"임신?출산 준비,건강","강남구,강동구,강북구,강서구,관악구,광진구,구로구,금천구,노원구,도봉구,동대문구,동작구,마포구,서대문구,서초구,성동구,성북구,송파구,양천구,영등포구,용산구,은평구,종로구,중구,중랑구",.,.
임신(준비),임신준비지원, ,서울시 남녀 임신준비 지원(건강관리 프로그램),"? 가임기 남녀 대상 엽산제 지원 및 건강검진(일반검진 및  ? 생식기능검사(남성 정액검사, 여성 난소기능검사) 지원",서울시 가임기 남녀,(민원)서울시 임신출산정보센터(사이트) 온라인 신청  및 예약일에 해당보건소 방문,연중(평일-보건소별 상이),주소지 보건소 사업담당 부서,연령무관,임신(준비) - 임신준비지원,서울시,https://seoul-agi.seoul.go.kr/pregnancy-preparation-application,https://seoul-agi.seoul.go.kr/pregnancy-preparation-application
육아,수당?급여, ,청소년 부모 양육비 지원 확대,자녀 1명당 아동양육비 월 20만원 추가 지원,기준 중위소득 90% 이하 청소년부모 가구의 자녀,거주 중인 자치구 동주민센터 신청,,서울시 가족담당관(02-2133-6563),연령무관,육아 - 수당?급여,서울시,.,.
건강힐링,임산부 지원 강화,출산맘 몸?마음 토탈케어,행복맘 지원 건강 플랫폼 운영,스마트워치와 전용 앱을 통한 건강관리 서비스 제공,2022년 1월 1일 이후 출산 경험이 있는 서울시민,별도 사업 신청 시기(23년 8월 28일부터)에 홈페이지를 통한 온라인 신청(선착순) 후 스마트워치와 전용 앱을 연결하여 서비스 이용,,손목닥터 9988 고객센터 (1811-9988),임신?출산,건강,"강남구,강동구,강북구,강서구,관악구,광진구,구로구,금천구,노원구,도봉구,동대문구,동작구,마포구,서대문구,서초구,성동구,성북구,송파구,양천구,영등포구,용산구,은평구,종로구,중구,중랑구",https://onhealth.seoul.go.kr/,https://onhealth.seoul.go.kr/
양육,돌봄인프라, ,육아 지원 코디네이터 운영,"양육자 및 예비 양육자 대상 맞춤형 육아정보 제공 및 육아자원 발굴?연계, 육아상담 등 지원",만5세 이하 영유아 양육가정 및 출산예정 가정,"본 사업은 2023년에 종료되었으며, 2024년에 개편될 예정입니다.",,"다산콜센터(120번→3번),  자치구 육아종합지원센터",0세 ~ 5세,양육 - 돌봄인프라,서울시,.,.
안심돌봄,공보육?초등돌봄 시설 확충,초등돌봄 공적 인프라 확충,초등돌봄교실,"돌봄, 교육 및 일부 급?간식비 지원",초등학교 1학년 ~ 6학년,학부모 수요 및 학교 여건에 따라 돌봄이 꼭 필요한 학생을 대상으로 학생 선정,"아침돌봄(수업 전), 오후돌봄, 방과후학교연계형 돌봄교실(13:00~17:00), 저녁돌봄(17:00~), 방학 중 오전돌봄(09:00~13:00)",,"6~9세,10세 이상",보육?돌봄,"강남구,강동구,강북구,강서구,관악구,광진구,구로구,금천구,노원구,도봉구,동대문구,동작구,마포구,서대문구,서초구,성동구,성북구,송파구,양천구,영등포구,용산구,은평구,종로구,중구,중랑구",https://icare.seoul.go.kr/icare/dolbomMENU1/dolbomMENU1_5/dolbomMENU1_5_1.jsp,.
육아,돌봄인프라, ,서울형어린이집,공인평가를 통하여 우수한 민간 어린이집을 선정하고 인건비 및 운영비를 지원함으로써 향상된 보육서비스를 안정적으로 제공,어린이집 입소 신청 및 등록,보육포털서비스 사이트를 통해 신청 후 서비스 이용,어린이집 보육시간 내,서울시 영유아담당관(02-2133-5113),연령무관,육아 - 돌봄인프라,서울시,https://iseoul.seoul.go.kr/portal/guide/noticeList.do?gubun=3,.
결혼,생활지원, ,청소년부모 청년취업사관학교 교육과정 우선선발,청년취업사관학교에서 교육 받기를 희망하는 청소년부모(자녀를 둔 24세 이하 청소년 부부) 우선선발,기초소양을 갖추고 취업의지가 있는 청소년부모,서울시 가족담당관(02-2133-6563) 문의,,서울시 가족담당관(02-2133-6563),연령무관,결혼 - 생활지원,서울시,.,.
육아,생활지원, ,한부모가족 자녀 교통비/교육비 지원 확대,저소득 한부모가족 자녀에 대한 교통비?교육비 지원,- 교육비: 기준 중위소득 63% 이하 한부모가족의 중?고등학생 자녀  - 교통비: 기준 중위소득 63% 이하 한부모가족의 중?고등학생 자녀,서울시 가족담당관(02-2133-6563) 문의,,서울시 가족담당관(02-2133-6563),12세 ~ 18세,육아 - 생활지원,서울시,.,.
탄생응원,난임 부부지원 확대,다태아 자녀안심 보험 지원,다태아 자녀안심 보험 지원,"- 보험가입 : ’24. 1. 1. 부터 출생한 서울시 거주 다태아 자동가입     ※ 타시도에서 출생한 다태아 서울시 전입시 자동가입, 서울시 거주 다태아 출생아 타시도 전출시 자동해지 - 보장기간 : 출생일로부터 2년  - 주요보장 : 응급실 내원비, 특정 전염병 진단비, 골절?화상 수술비, 상해 또는 질병치료 입원비, 암진단비 등 17개 항목 최대 3,000만원 지급  <img	src='/contents/commoneditor/202312222036518e6dbc53-71bf-4323-b081-597db41dc2c5.png'	alt='다태아 안심보험의 주요 보장 내용'>     ※ 정확한 세부 보장내용 계약보험사(메리츠화재보험) 약관 확인 필요",24. 1. 1. 부터 출생한 서울시 거주(주민등록) 다태아,"- 접수창구 : 메리츠화재보험 웹사이트(<a	href='http://mbi.seoul.insboon.com'	target='_blank'>mbi.seoul.insboon.com</a>) 등 - 구비서류 : 보험금 청구서, 주민등록등본, 출생증명서, 진료비영수증, 통장사본 등",,"메리츠화재보험 고객센터(☎ 1522-6545) - 서울시 저출생정책추진반(2133-5328), 서울시여성가족재단(810-5446)","임신?출산,0~2세","보육?돌봄,수당?급여,건강","강남구,강동구,강북구,강서구,관악구,광진구,구로구,금천구,노원구,도봉구,동대문구,동작구,마포구,서대문구,서초구,성동구,성북구,송파구,양천구,영등포구,용산구,은평구,종로구,중구,중랑구",.,http://mbi.seoul.insboon.com
육아,일자리지원, ,서울형 강소기업 지원(사업종료),"① 청년 정규직 채용 시, 사내복지 개선 등 근무환경개선금지원(최대 3명) ② 육아친화 및 일?생활 균형 조직문화 조성을 위한 교육?컨설팅 지원 ③ 마음챙김, 스트레스 관리로 신입사원 번아웃 예방을 위한 청년성장 프로그램 제공","서울 소재 중소기업 중 공공기관 인증을 받은 기업 대상으로 청년일자리 창출 확대 및 일 생활 균형 조직문화, 고용안정성, 복지혜택이 우수한 기업",모집공고 → 신청 → 서류심사 → 현장실사 → 면접심사 → 최종선정,,서울특별시 일자리정책과,연령무관,육아 - 일자리지원,서울시,http://www.seouljobnow.co.kr/,http://www.seouljobnow.co.kr/
일생활균형,경력보유여성 취업지원,경력보유여성 취업 3종세트,우먼업 구직활동지원금,"3040 경력보유여성을 발굴, 월 30만원(3개월)지원하여 구직활동 장려",서울시 경력단절여성,공고문에 따른 접수,,1660-3040,"임신?출산,0~2세,3~5세,6~9세,10세 이상",일생활균형,"강남구,강동구,강북구,강서구,관악구,광진구,구로구,금천구,노원구,도봉구,동대문구,동작구,마포구,서대문구,서초구,성동구,성북구,송파구,양천구,영등포구,용산구,은평구,종로구,중구,중랑구",https://www.seoulwomanup.or.kr,https://www.seoulwomanup.or.kr
탄생응원,"청년, 신혼 부부 지원","청년, 건강한 밥상","청년, 건강한 밥상","청년 1인가구 대상 도구 사용법, 재료 고르는 법 등 기초 중심의 집밥 만드는 방법(체험)과 건강 프로그램 운영 등 5개 자치구 선정, 자치구당 최대 15백만원 지원",청년(19~39세) 1인가구 600명,자치구 1인가구지원센터를 통해 신청,,자치구 1인가구지원센터,임신?출산,임신?출산 준비,"강남구,강동구,강북구,강서구,관악구,광진구,구로구,금천구,노원구,도봉구,동대문구,동작구,마포구,서대문구,서초구,성동구,성북구,송파구,양천구,영등포구,용산구,은평구,종로구,중구,중랑구",https://news.seoul.go.kr/welfare/archives/551304,.
탄생응원,탄생축하문화 확산,생명탄생 축하사진 공모,생명탄생 축하사진 공모,ㅇ 부부가 만나서 가족을 이루고 아이를 낳고 키우는 과정에서 다양한 감동적인 사연을 소개함으로써 결혼?출산?양육에 대한 인식개선 추진  ㅇ 선정된 사연을 바탕으로 이미지와 영상을 전광판 표출 및 SNS공유하여 탄생 문화를 응원하는 사회 분위기 확산,서울 시민 및 생활권자 누구나,※2023년으로 종료된 사업입니다.,,,임신?출산,"보육?돌봄,외출,문화","강남구,강동구,강북구,강서구,관악구,광진구,구로구,금천구,노원구,도봉구,동대문구,동작구,마포구,서대문구,서초구,성동구,성북구,송파구,양천구,영등포구,용산구,은평구,종로구,중구,중랑구",https://blog.naver.com/seoulfamilyc/223112342560,.
(예비)신혼부부,결혼지원, ,정보시스템  유지관리(사업종료),"별적으로 제공되고 있는 출산 및 육아 정보를 한곳에 통합하여, 사용자 맞춤형 정보를 제공하고, 온라인 신청 기능도 갖춘 종합 플랫폼「탄생에서 육아까지 몽땅정보 만능키」운영 및 시스템 고도화",시민,로그인 접속,,-,연령무관,(예비)신혼부부 - 결혼지원,서울시,.,.
일생활균형,일생활 균형문화 확산,,서울형 일?생활 균형 3종 패키지,양육 친화 기업문화 조성을 위해 서울형 일?생활 균형 3종 패키지를 시행함으로써 초저출생 위기 극복 및 일?생활 균형 문화 확산 ? 배우자 출산휴가 의무제(10일) ? 육아휴직 사용 활성화 ? 육아기 근로시간 단축 사용 권고제 (연 1회),"서울시 공무원, 투자?출연기관 및 민간기업(서울형 강소기업 중심) 임직원",기관별 관련규정 개정 및 시행,,서울시 저출생담당관(02-2133-5034),"임신?출산,0~2세,3~5세,6~9세",일생활균형,"강남구,강동구,강북구,강서구,관악구,광진구,구로구,금천구,노원구,도봉구,동대문구,동작구,마포구,서대문구,서초구,성동구,성북구,송파구,양천구,영등포구,용산구,은평구,종로구,중구,중랑구",.,.
양육,돌봄인프라, ,공동육아방,"부모 참여형 다양한 놀이 프로그램 운영, 육아정보 제공 및 상담 등",6세이하 영유아 및 보호자,인터넷 및 전화예약 후 시설이용 (자치구 육아종합지원센터),월~금 09:00~18:00 (시설별 상이),자치구 육아종합지원센터,0세 ~ 6세,양육 - 돌봄인프라,서울시,https://icare.seoul.go.kr/icare/user/fcltyInfoManage/BD_selectCopertnChldcrContactList.do?q_svcClCode=1002&q_tap=1,.
안심돌봄,돌봄공백지원,서울형 틈새 아이돌봄 3종 서비스,등하원 전담 아이돌봄서비스,"등원 사전준비, 준비물 챙기기, 등하원 동행, 하원 후 양육자 귀가 전까지 놀이활동 등 돌봄 서비스 제공","어린이집, 유치원, 학교, 학원 등하원 필요한 양육공백 가정의 만 12세 이하 아동",아이돌봄서비스 (https://www.idolbom.go.kr/)에서 신청가능하며 이용가정의 상황에 맞춰 서비스제공기관(자치구 가족센터 등)에서 전담 돌보미를 연계,"등하원시간대 전후 (오전 07~10시, 오후 16~20시)",서울시 아이돌봄담당관(02-2133-4812),"0~2세,3~5세,6~9세,10세 이상",보육?돌봄,"강남구,강동구,강북구,강서구,관악구,광진구,구로구,금천구,노원구,도봉구,동대문구,동작구,마포구,서대문구,서초구,성동구,성북구,송파구,양천구,영등포구,용산구,은평구,종로구,중구,중랑구",https://icare.seoul.go.kr/icare/dolbomMENU2/dolbomMENU2_3/dolbomMENU2_3_1.jsp,https://www.idolbom.go.kr/front/login
임신,난임지원, ,난임부부 지원,"o 난임시술 비용의 본인부담액에 대한 시술별 지원상한액 지원      -(횟수) 출산당 총25회 (보조생식술 시작일이 '24.11.1.일 이후부터)      -(지원금액) 시술별 1회당 최대 30만원~110만원  o 난임시술 중단 의료비 지원('25.1.1. 일 이후 지원결정통지서 발급일 기준)       -(지원항목) 공난포, 미성숙난자 또는 비정상난자채취, 자궁내막불량, 난소저반응, 조기배란, 배란안됨, 기타 의학적 사유로 인한 시술 중단(개인사정제외)",- 서울시 모든 난임부부(사실혼 포함),"온라인 또는 보건소 방문 구비서류 제출  - 온라인 : 정부24(www.gov.kr), e보건소 공공포털(www.e-health.go.kr)  - 주소지 보건소 방문",해당없음,- 주소지 보건소 - 120다산콜센터,연령무관,임신 - 난임지원,서울시,https://seoul-agi.seoul.go.kr/ifc-csp,.
육아,놀이?외출지원, ,탄생응원 서울축제(2024년)(사업종료),"- 취지 : 저출생 시대 생명과 가족의 ‘위대한’ 탄생을 축하하고, 탄생의 소중한 기쁨과 행복을 널리 전파하고 되새길 수 있는 축제의 장 마련 - 행사주제 : '위대한 동행, 행복한 다둥이 가족' - 행사내용 : 공모전 당선작 시상, 서울엄빠 행복한 순간 영상 상영, 축하공연, 경품 추첨 등 - 행사일자 : 2024년 5월 25일 토요일 13:00~16:00",서울시 거주 다둥이 가족,- 신청 기간: 5/20~22 - 신청 방법: 축제 누리집(www.happyseoul.or.kr)에서 선착순 접수,,저출생담당관(02-2133-5018),연령무관,육아 - 놀이?외출지원,서울시,https://www.happyseoul.or.kr/,.
안심돌봄,다양한 가족 지원,미혼모?부 양육지원 강화,미혼모?부 양육 코칭 지원,? 미혼모?부 대상 찾아가는 자녀양육코칭 (7회)         : 오리엔테이션 (1회)  →  양육 고민상담 및 교육(1회) → 전문가가 찾아가는 양육 솔루션(5회)      ? 미혼모?부 간 네트워크 형성 및 육아 자신감 고취를 위한 자조모임 커뮤니티 지원         : 구성원 모집 및 선정 → 임파워먼트 및 부모 교육 →  자조모임 지원(문화예술?역량 개발 등)           및 자녀와 함께하는 체험?여행 프로그램 지원,서울시 거주 자녀(만 12세 미만)를 양육하는 미혼모?부 누구나,서울시 가족다문화담당관(02-2133-8695) 문의,,서울시 가족다문화담당관(02-2133-8695),"0~2세,3~5세,6~9세,10세 이상","외출,문화,교육","강남구,강동구,강북구,강서구,관악구,광진구,구로구,금천구,노원구,도봉구,동대문구,동작구,마포구,서대문구,서초구,성동구,성북구,송파구,양천구,영등포구,용산구,은평구,종로구,중구,중랑구",.,.
안심돌봄,다양한 가족 지원,청소년부모 지원 강화,양육비 지원 확대,자녀 1명당 아동양육비 월 20만원 추가 지원,기준 중위소득 90% 이하 청소년부모 가구의 자녀,거주 중인 자치구 동주민센터 신청,,서울시 가족다문화담당관(02-2133-8696),"0~2세,3~5세,6~9세,10세 이상",수당?급여,"강남구,강동구,강북구,강서구,관악구,광진구,구로구,금천구,노원구,도봉구,동대문구,동작구,마포구,서대문구,서초구,성동구,성북구,송파구,양천구,영등포구,용산구,은평구,종로구,중구,중랑구",.,.
안심돌봄,다양한 가족 지원,미혼모?부 양육지원 강화,미혼부 양육비 신청 절차 간소화,양육비 신청 절차 간소화,자녀 출생신고 중인 미혼부 가정,법원에 출생신고 확인신청 후 소장(사본) 제출,,서울시 가족다문화담당관(02-2133-8698),"0~2세,3~5세,6~9세,10세 이상",수당?급여,"강남구,강동구,강북구,강서구,관악구,광진구,구로구,금천구,노원구,도봉구,동대문구,동작구,마포구,서대문구,서초구,성동구,성북구,송파구,양천구,영등포구,용산구,은평구,종로구,중구,중랑구",.,.
안심돌봄,다양한 가족 지원,미혼모?부 양육지원 강화,미혼모?부 자녀 양육 지원,"병원비(아이의 입원?예방접종비) 및 양육용품(분유, 기저귀, 계절에 따른 의류, 유모차, 보행기 등) 지원",소득인정액 기준 중위소득 72% 이하 미혼모?부 가정,거주 중인 자치구 가족센터 신청,,서울시 가족다문화담당관(02-2133-8685),"0~2세,3~5세,6~9세,10세 이상",수당?급여,"강남구,강동구,강북구,강서구,관악구,광진구,구로구,금천구,노원구,도봉구,동대문구,동작구,마포구,서대문구,서초구,성동구,성북구,송파구,양천구,영등포구,용산구,은평구,종로구,중구,중랑구",.,.
안심돌봄,다양한 가족 지원,세자녀 가구 둘째부터 서울런 이용,세자녀 가구 둘째부터 서울런 이용,서울런 가입대상을 다자녀 가족까지 확대하여 온라인 학습 콘텐츠 및 1:1 맞춤형 멘토링 무료 지원,중위소득 85%에 더해 세자녀 이상 가구의 둘째부터 지원,서울시 교육지원정책과(02-2133-9279) 문의,,서울시 교육지원정책과(02-2133-9279),"6~9세,10세 이상",교육,"강남구,강동구,강북구,강서구,관악구,광진구,구로구,금천구,노원구,도봉구,동대문구,동작구,마포구,서대문구,서초구,성동구,성북구,송파구,양천구,영등포구,용산구,은평구,종로구,중구,중랑구",https://slearn.seoul.go.kr/front/mainView.do,.
일생활균형,일생활 균형문화 확산,양육친화적 기업문화정착,양육친화적 기업문화정착,서울소재 중소기업에 일?생활 균형 및 양육 친화적 기업문화를 확산하기 위해 경제단체 협력 기업 양육친화 문화확산 캠페인 추진,서울소재 중소기업,2023년으로 종료된 사업입니다.,,서울시 경제정책과(02-2133-5238),"임신?출산,0~2세,3~5세,6~9세,10세 이상",일생활균형,"강남구,강동구,강북구,강서구,관악구,광진구,구로구,금천구,노원구,도봉구,동대문구,동작구,마포구,서대문구,서초구,성동구,성북구,송파구,양천구,영등포구,용산구,은평구,종로구,중구,중랑구",.,.
(예비)신혼부부,결혼지원, ,결혼 공감 토크 콘서트,청년세대 대상으로 달라진 결혼 가치관에 대한 사회적 공감대 형성과 고민을 나누고 결혼에 대한 긍정적 메시지 전달?확산을 위한 콘서트 개최,2030 청년세대,연애?결혼 등 관련 주제를 선정하여 토크 콘서트 개최,,서울특별시 1인가구지원과 02)2133-6157,연령무관,(예비)신혼부부 - 결혼지원,서울시,https://blog.naver.com/dakhosa/223240989132,.
일생활균형,양육자 가사부담 완화,외국인 가사(육아)인력 시범사업,외국인 가사(육아)인력 시범사업,맞벌이 부부 등 ‘육아 조력자’의 도움이 절실한 자녀양육 가정에 외국인 육아도우미를 활용한 양육지원사업 도입,서울시 가족다문화담당관(02-2133-8682) 문의,서울시 가족다문화담당관(02-2133-8682) 문의,,서울시 가족다문화담당관(02-2133-8682),"0~2세,3~5세,6~9세,10세 이상",일생활균형,"강남구,강동구,강북구,강서구,관악구,광진구,구로구,금천구,노원구,도봉구,동대문구,동작구,마포구,서대문구,서초구,성동구,성북구,송파구,양천구,영등포구,용산구,은평구,종로구,중구,중랑구",.,.
육아,수당?급여, ,방과후 보육료,"① 정부지원시설 - 4시간 이용: 월 10만원 지원 - 종일 이용(방학 등): 월 20만원 지원  ② 정부미지원시설  - 4시간 이용: 월 233,650원  - 종일 이용: 월 467,300원   ③교사대아동 비율 1:3, 전담교사 배치된 반에 재원 장애아동 - 4시간 이용: 월 293,000원 - 일일 8시간 이상 이용 시 해당일 추가지원(보조금)",차상위 이하 또는 장애아동에 해당되는 취학아동이 방과후 어린이집을 일일 4시간 이상 이용하는 경우,"동 주민센터, 복지로에서 신청",해당사항 없음,교육부 콜센터(02-6222-6060),연령무관,육아 - 수당?급여,서울시,https://www.easylaw.go.kr/CSP/CnpClsMainBtr.laf?csmSeq=626&ccfNo=2&cciNo=3&cnpClsNo=1,https://www.bokjiro.go.kr/ssis-tbu/twataa/wlfareInfo/moveTWAT52011M.do?wlfareInfoId=WLF00001140
출산,일자리지원, ,서울시 소상공인 휴업손실비용 지원사업,"- 임신 및 출산으로 인한 휴업 기간 동안의 고정비(임차료, 공공요금)  - 휴업 일 최대 5만원 한도/최대 10일/50만원 한도",서울특별시 소상공인 전체 무료가입  - 청구일 기준 1년 이상 영업중인 소상공인  - 주민등록상의 거주지와 사업소재지가 모두 서울인 경우  - 사업주 및 배우자 포함  - 자세한 사항은 아래 안내 페이지 참조,o 지원기간 : 2025년 1월 1일~2025년 12월 31일  o 이용방법(필수) : KB손해보험 이메일 접수 (plan24@kbinsure.co.kr)  - 단계 1) 페이지 하단의 알아두실 사항 통해 제출 서류요건/지원 제외업종/청구방법 등 확인  - 단계 2) 청구서 양식 다운로드 후 작  - 단계 3) 준비한 서류와 함께 이메일 접수 ※ 어려움 있으실 경우 아래 문의 방법을 참고해주세요.,,전담 서비스 센터(☎1660-0435)  - 전담 카카오톡 채널(URL) https://pf.kakao.com/_xlxlKxbn  - 이메일: plan24@kbinsure.co.kr,연령무관,출산 - 일자리지원,서울시,https://bilci-seoul.info/,.
육아,가사지원, ,외국인 가사관리사 시범사업(사업종료),"서울지역 맞벌이 가구 등을 대상으로 외국인 가사관리사가 양육가정의 가사와 육아를 제공하는 서비스 - (서비스 유형) 시간제(4?6시간), 종일제(8시간)    * 이용가능일 : 월~금, 이용가능시간 : 08:00~20:00 - (서비스 내용) 외국인 가사관리사가 출퇴근 하면서 자녀돌봄 및 그와 관련된 가사활동 제공","만 12세(2012.1.1.이후 출생)이하 자녀를 두었거나 출산 예정인 가정 ※ 한부모, 다자녀, 맞벌이, 임신부가 있는 가정 우선 이용자 선정","서비스 제공기관 홈페이지(홈스토리생활, 휴브리스)에서 상시신청","o 운영기간    - (1차시범) 2024.9.3 ~ 2025.2.28., 6개월   - (시범연장) 2025.3.~",서울시 다산콜센터(02-120),0세 ~ 12세,육아 - 가사지원,서울시,https://umppa.seoul.go.kr/hmpg/chpo/noti/bordContDetail.do?mode=W&bbs_no=1&pst_no=1D54BCF35A2A35A3E063A602216284C6,.
양육,가사지원, ,가정행복 도시락?밀키트?먹거리 할인,"<span	class='color_blue'>다수 협력업체들의 협약종료 및 불경기 상황으로 인하여 2025. 6. 2. 쿠폰지급(5. 27. 신청마감)을 마지막으로, 가정행복 먹거리 밀키트 도시락 할인쿠폰 사업이 종료됩니다.  그동안 사업에 관심을 가져주시고 이용해주셔서 감사합니다. 좋은 사업으로 다시 돌아오겠습니다.</span>  <span	class='color_blue'>서울시 가정행복 도시락 밀키트 먹거리 할인쿠폰 협력사업은 종료됩니다만, 풀무원 측에서 당해 사업의 좋은 취지를 살려 우리 사업을 이용하시던 미성년 양육 가정에 할인 쿠폰 제공을 지속할 예정이라고 합니다.   [풀무원에서 아래와 같은 방법으로 쿠폰 수신을 유지하실 수 있음을 전달드립니다.] #풀무원 사이트(https://shop.pulmuone.co.kr/)에 회원가입하여 '마케팅 활용 동의/광고성 정보 수신동의'하신 분들을 대상으로 1년간 쿠폰 지급이 유지될 예정입니다. (마케팅 수신 및 광고성 정보 수신 미동의 혜택 제공 불가)  </span>  ※ 가정행복 도시락?밀키트?먹거리 할인지원 사업은 서울시 예산 지원 없이 협력사가 사회 공헌 차원에서 쿠폰 비용을 전액 부담하고 있는 사업입니다. ※ 신청 후 '승인대기' 상태로 보이는 것이 정상이며, 대상자에 해당하시는 경우 시스템상 승인 없이 다음달 1일(휴일인 경우 다음날) 쿠폰을 발송해드립니다.   지원 내용  ① 신선 식재료 '오아시스마켓'(https://www.oasis.co.kr/)  :  ‘3/6/9만 원 구매 시 5천/1만/1만 5천 원 할인쿠폰’ 총 4장    * 일부 타 기획전 할인쿠폰 중복 적용 가능(문자 발급 쿠폰 중복 적용 불가능)    * 오아시스마켓 배송상품 모두 사용 가능   ② 신선 식재료, 간편식, 냉동/냉장식품 '#(샵)풀무원'(https://shop.pulmuone.co.kr/)  : ‘3만/4만/8만 원 구매 시 6천/8천/2만원 할인쿠폰’ 각 1장, 총 3장    * 타 쿠폰 및 이벤트와 중복사용 불가  ③  건강한 도시락, 밀키트, 식재료 '그리팅'(https://www.greating.co.kr/)  :  ‘3만/5만 원 구매 시 7천/1만2천원 할인쿠폰’ 각 1장, 총 2장  ④  밀키트 전문 '마이셰프' (https://mychef.kr/)  : ‘2만/3만/5만 원 구매 시 3천/4.5천/7.5천원 할인쿠폰’ 각 1장, 총 3장  ※ GS편의점은 2023년 12월 말로 협약이 종료되었습니다. ※ 칙바이칙, 랭킹닭컴은 2024년 6월 말로 협약이 종료되었습니다. ※ CU, 프레시지, 허닭은 2024년 12월 말로 협약이 종료되었습니다. ※ 그리팅은 2025년 2월 말로 협약이 종료되었습니다.",서울시 거주 18세 이하 자녀 1명 이상 있는 가구(조손가구 포함) * 자녀가 2007. 1. 1. 이후 출생한 경우 신청 가능 * 부모(또는 조부모) 1명당 각각 자녀별 신청 가능,① 오아시스마켓: 문자로 받은 쿠폰 번호를 '오아시스마켓' 어플 또는 사이트에서 등록하여 사용 ② #(샵)풀무원: 문자로 받은 쿠폰 번호를 '#풀무원' 어플 또는 사이트에서 등록하여 온라인 주문 시 사용   ③ 그리팅:  문자로 받은 쿠폰 번호를 '그리팅' 어플 또는 사이트에서 등록하여 온라인 주문 시 사용 ④ 마이셰프:  문자로 받은 쿠폰 번호를 '마이셰프' 사이트에서 등록하여 온라인 주문 시 사용,"1. 신청기간: 매월 20일(휴일인 경우 다음날) 0시 ~27일 23시 59분, 선착순 접수 2. 쿠폰지급: 신청 다음달 1일, 휴일인 경우 다음날",02-120 또는 서울시 가족담당관(02-2133-6551),0세 ~ 18세,양육 - 가사지원,서울시,.,https://umppa.seoul.go.kr/hmpg/hehe/suea/difa/appl/applAgreRegistForm.do
육아,돌봄지원, ,서울형 시간제 전문 어린이집,가정양육 또는 타 기관 이용 보호자 등 누구나 필요시 시간 단위로 이용할 수 있는 보육서비스,"6개월 이상 7세 이하 미취학 영유아(부모 또는 조부모 중 한 명 이상이 서울시에 거주하거나, 부모의 직장이 서울시인 경우)",이용 1일전까지 서울시보육포털서비스에서 신청(긴급 시 당일 12시까지 방문?유선접수 가능),평일 07:30~19:30 (주말?공휴일 제외),서울시 영유아담당관(02-2133-5116),0세 ~ 7세,육아 - 돌봄지원,서울시,https://iseoul.seoul.go.kr/portal/reservation/timeselInfo.do,https://iseoul.seoul.go.kr/portal/reservation/timeselList.do
양육,생활지원, ,서울시 북스타트 엄마 북(Book)돋움 사업,"엄마 북(Book)돋움 책꾸러미 상자 배송 (엄마아빠 육아정보도서 1권, 우리아이 첫책(그림책) 2권, 시 육아정책정보, 엄마북돋움 에코백)",서울시 거주 임산부(임신 3개월 ~ 출산 3개월),"ㅇ 임산부    - 임산부교통비지원 시스템에서 직접 온라인 신청 ㅇ 그 외(시스템 이용이 불가한 경우)   - 교통비를 지원받지 못한 임산부, 조손가정, 父子가정 등은 서울도서관에서 별도 이메일 신청   - 서울도서관 :  https://lib.seoul.go.kr/bbs/content/3_62822",,서울도서관 도서관정책과(02-2133-0224),0세 ~ 1세,양육 - 생활지원,서울시,https://lib.seoul.go.kr/rwww/html/ko/bookUp.jsp,https://www.seoulmomcare.com/main/main.do
양육,놀이?외출지원, ,탄생응원 서울축제,"- 취지 : 저출생 시대 생명과 가족의 ‘위대한’ 탄생을 축하하고, 탄생의 소중한 기쁨과 행복을 널리 전파하고 되새길 수 있는 축제의 장 마련 - 행사주제 : '위대한 동행, 행복한 다둥이 가족' - 행사내용 : 공모전 당선작 시상, 서울엄빠 행복한 순간 영상 상영, 축하공연, 경품 추첨 등 - 행사일자 : 2024년 5월 25일 토요일 13:00~16:00",서울시 거주 다둥이 가족,- 신청 기간: 5/20~22 - 신청 방법: 축제 누리집(www.happyseoul.or.kr)에서 선착순 접수,,저출생담당관(02-2133-5018),연령무관,양육 - 놀이?외출지원,서울시,https://www.happyseoul.or.kr/,https://www.happyseoul.or.kr/05
육아,수당?급여, ,그 밖의 연장형 보육료 등,"① 야간연장보육  일반아동: 시간당 4,000원 장애아동: 시간당 5,000원 지원한도: 월 60시간  ② 야간12시간 및 24시간(월별)  만0세: (야간)540,000원, (24시간)810,000원 만1세반: (야간)475,000원, (24시간)712,500원 만2세반: (야간)394,000원, (24시간)591,000원 만3~5세: (야간)280,000원, (24시간)420,000원  ③ 휴일 보육료 - 0~5세 부모보육료*휴일보육일수/해당 월 보육가능일수 - 휴일어린이집으로 미지정된 경우 지원금액의 150% 지원","(원칙) 만0~2세반 연장보육료, 만3~5세반 누리과정보육료, 다문화보육료 및 장애아보육료 지원아동","동 주민센터, 복지로에서 신청",① 야간연장보육료 : 평일 19:30~24:00 토요일 15:30~24:00 ② 야간12시간 보육료 : 19:30~익일 7:30  ③ 24시간 보육료 : 7:30~익일 7:30 ④휴일보육료 : 일요일 보육 등,교육부 콜센터(02-6222-6060),0세 ~ 5세,육아 - 수당?급여,서울시,https://www.easylaw.go.kr/CSP/CnpClsMainBtr.laf?csmSeq=626&ccfNo=2&cciNo=3&cnpClsNo=1,https://www.bokjiro.go.kr/ssis-tbu/twataa/wlfareInfo/moveTWAT52011M.do?wlfareInfoId=WLF00001147
일생활균형,1인 자영업자?프리랜서 지원,,임산부 출산급여 지원,ㅇ 임산부 출산급여 90만원 지원     ※고용노동부 ‘고용보험 미적용자 출산급여’ 150만원에 추가지원,ㅇ 1인 자영업자 및 프리랜서 출산 여성      ※2024.4.22.이후 출산가구부터 지원    - 고용노동부(서울고용센터) ‘고용보험 미적용자 출산급여’ 기 수급자 일 것   - 신청일 기준 서울시 거주 및 자녀 서울시 출생신고,ㅇ 2025.1월   ※추후 사회보장제도 신설협의 과정에서 변동될 수 있음,,다산콜센터(02-120),임신?출산,임신?출산 준비,"강남구,강동구,강북구,강서구,관악구,광진구,구로구,금천구,노원구,도봉구,동대문구,동작구,마포구,서대문구,서초구,성동구,성북구,송파구,양천구,영등포구,용산구,은평구,종로구,중구,중랑구",.,.
육아,수당?급여, ,아동수당,아동 1인당 월 10만원 지급(아동이 90일 이상 해외 체류하는 경우 지급 중단),대한민국 국적을 보유(국적법에 따른 복수국적자 및 난민법에 따른 난민인정자 포함)하고 주민등록법에 따른 주민등록번호가 정상적으로 부여(사회복지 전산관리번호 부여 대상자 및 주민등록법에 따른 거주불명자 중 실제 거주지가 확인되는 자 포함)된 만 8세 미만 아동(0~95개월),거주지 관할 읍?면?동주민센터 또는 온라인 신청 (bokjiro.go.kr),,보건복지부 콜센터 (129),0세 ~ 8세,육아 - 수당?급여,서울시,.,https://www.bokjiro.go.kr/ssis-tbu/twataa/wlfareInfo/moveTWAT52011M.do?wlfareInfoId=WLF00001171
육아,놀이?외출지원, ,서울엄마아빠VIP존,"아이동반 외출 시, 양육자와 아이의 휴식이 가능하면서 수유?돌봄?놀이 등 육아편의를 제공하는 양육자를 위한 전용(VIP) 공간 조성 (적정 공간을 갖추고, 시설별 특성에 맞는 서비스를 제공) ① 기본형 : 아기쉼터, 기저귀교환대 등 육아편의 공간 제공 ② 휴식형 : 아이와 머무르며 쉬고 놀 수 있는 개방형 휴식공간 제공 ③ 완성형 : 양육자가 문화?여가생활을 할 수 있도록 돌봄?놀이공간 제공                                                                                                                            ※ 시설 여건 및 이용자 수요에 따라 조성",영유아 및 아이 동반 양육자,"아트책보고, 세종문화회관 등 방문시 이용",시설별 상이,서울시 저출생담당관(02-2133-5031),연령무관,육아 - 놀이?외출지원,서울시,https://map.seoul.go.kr/smgis2/short/6ONkG,.
일생활균형,1인 자영업자?프리랜서 지원,,배우자 출산휴가 지원금,ㅇ 임산부 배우자를 둔 1인 자영업자?프리랜서에 배우자 출산휴가 지원금 80만원 지원,ㅇ 출산 배우자를 둔 1인 자영업자?프리랜서     ※2024.4.22.이후 출산가구부터 지원   - 신청일 기준 서울시 거주 및 자녀 서울시 출생신고   - 배우자 출산일 기준 사업장 운영(프리랜서는 용역계약유지 등) 및 출산일 전 18개월 중 3개월 이상의 소득활동이 있는 자,ㅇ 2025.1월   ※추후 사회보장제도 신설협의 과정에서 변동될 수 있음,,다산콜센터(02-120),임신?출산,임신?출산 준비,"강남구,강동구,강북구,강서구,관악구,광진구,구로구,금천구,노원구,도봉구,동대문구,동작구,마포구,서대문구,서초구,성동구,성북구,송파구,양천구,영등포구,용산구,은평구,종로구,중구,중랑구",.,.
육아,수당?급여, ,첫만남이용권,"ㅇ 지원대상 : 출생신고되어 정상적으로 주민등록번호를 부여받은 아동 ㅇ 지원금액 : 첫째아 200만원, 둘째아 이상 300만원 ㅇ 이용기간 : 아동 출생일(주민등록일상 생년월일)로부터 2년    ※ 변경사항(’24.1.1. 이후 출생아동부터 적용)       - 둘째아 이상 지원금 증액(200만원→300만원), 이용기간 연장(1년→2년) ㅇ 지급방식 : 바우처 신청 시 등록한 1개 카드사의 국민행복카드*에 포인트 지급     * 총 5개 카드사 : BC, 삼성, 롯데, KB국민, 신한카드사 ㅇ 사 용 처 : 유흥업종 사행업종, 마사지 등 위생업종(이미용실 제외), 레저업종, 성인용품 등 기타업종 등, 면세점 등을 제외한 전 업종(온라인 구매 포함)에서 사용 가능",출생신고되어 정상적으로 주민등록번호를 부여받은 아동,ㅇ 방문신청        - 보호자 또는 그 대리인이 아동의 주민등록상 주소지 동주민센터에 신청  ㅇ 온라인 신청        - 아동의 보호자가 부모인 경우에 한해 복지로(www.bokjiro.go.kr) 또는 정부24(www.gov.kr)에서 신청,,"보건복지부 129, 각 자치구 및 동주민센터",0세 ~ 2세,육아 - 수당?급여,서울시,https://www.bokjiro.go.kr/ssis-tbu/twataa/wlfareInfo/moveTWAT52011M.do?wlfareInfoId=WLF00004656,https://www.bokjiro.go.kr/ssis-tbu/twataa/wlfareInfo/moveTWAT52011M.do?wlfareInfoId=WLF00004656
육아,돌봄인프라, ,우리동네키움센터 방학중 중식 무료제공,센터 이용 아동 대상 방학중 중식 무료제공,돌봄이 필요한 6~12세 아동 혹은 초등학생,우리동네키움포털 등으로 이용 희망 센터 돌봄서비스 신청 후 센터 승인을 거쳐 이용,* (일반형) 학기중 : 13시~20시 / 방학중 : 9시~18시 * (융합형) 학기중 : 13시~20시 / 방학중 : 8시~20시 #주말(토) 4시간 운영,이용 희망 센터(우리동네키움포털 홈페이지 참조),6세 ~ 12세,육아 - 돌봄인프라,서울시,https://umppa.seoul.go.kr/icare/user/careResve/BD_selectChilCareResveList.do,https://umppa.seoul.go.kr/icare/user/careResve/BD_selectChilCareResveList.do
탄생응원,탄생축하문화 확산,서울엄마아빠 행복축제,서울엄마아빠 행복축제,"- 취지 : 저출생 시대 생명과 가족의 ‘위대한’ 탄생을 축하하고, 탄생의 소중한 기쁨과 행복을 널리 전파하고 되새길 수 있는 축제의 장 마련 - 행사주제 : '위대한 동행, 행복한 다둥이 가족' - 행사내용 : 공모전 당선작 시상, 서울엄빠 행복한 순간 영상 상영, 축하공연, 경품 추첨 등 - 행사일자 : 2024년 5월 25일 토요일 13:00~16:00",서울시 거주 다둥이 가족,- 신청 기간: 5/20~22 - 신청 방법: 축제 누리집(www.happyseoul.or.kr)에서 선착순 접수,,저출생정책추진반(02-2133-5322),10세 이상,"외출,문화","강남구,강동구,강북구,강서구,관악구,광진구,구로구,금천구,노원구,도봉구,동대문구,동작구,마포구,서대문구,서초구,성동구,성북구,송파구,양천구,영등포구,용산구,은평구,종로구,중구,중랑구",https://www.happyseoul.or.kr/,https://www.happyseoul.or.kr/05
탄생응원,"청년, 신혼 부부 지원",청년공감 릴레이 토크 콘서트,청년공감 릴레이 토크 콘서트,청년세대 대상으로 달라진 결혼 가치관에 대한 사회적 공감대 형성과 고민을 나누고 결혼에 대한 긍정적 메시지 전달?확산을 위한 콘서트 개최,2030 청년세대,연애?결혼 등 관련 주제를 선정하여 토크 콘서트 개최,,서울특별시 1인가구담당관 02)2133-6157,임신?출산,임신?출산 준비,"강남구,강동구,강북구,강서구,관악구,광진구,구로구,금천구,노원구,도봉구,동대문구,동작구,마포구,서대문구,서초구,성동구,성북구,송파구,양천구,영등포구,용산구,은평구,종로구,중구,중랑구",https://blog.naver.com/dakhosa/223240989132,.
탄생응원,"청년, 신혼 부부 지원",공공공간 활용 나만의 결혼식,공공공간 활용 나만의 결혼식,공공예식장 제공 및 결혼 컨셉기획부터 예식까지 종합 서비스 지원,서울시 거주자 또는 생활권자인 (예비)부부,상담사와 사전상담 후 예식공간별 전담 플래너 업체와 종합상담을 통해 계약 ? 온라인상담예약 : 서울가족포털(패밀리서울) ‘나만의 결혼식’ 웹페이지 ? 전화상담 : 1899-2154 (둘(2)이 하나(1)되어 오(5)래 사(4)세요),,서울시 가족다문화담당관(02-2133-8687),,임신?출산 준비,"강남구,강동구,강북구,강서구,관악구,광진구,구로구,금천구,노원구,도봉구,동대문구,동작구,마포구,서대문구,서초구,성동구,성북구,송파구,양천구,영등포구,용산구,은평구,종로구,중구,중랑구",https://familyseoul.or.kr/wedding,https://familyseoul.or.kr/wedding
출산,급여?바우처, ,1인 자영업자?프리랜서 임산부 출산급여 지원,‘임산부 출산급여’ 추가 지원 90만원 1인당 출산급여 240만원 보장 = <현행>고용보험 지원 150만원 + <신규> 서울시 추가지원 90만원,"지원대상 2024.4.22.이후 출산한 1인 자영업자 및 프리랜서 등 임산부  자격요건 ①고용노동부 ‘고용보험 미적용자 출산급여’ 기 지급자 ②신청일 기준 서울시 거주 및 자녀 서울시 출생신고 ③출산일로부터 1년 이내 신청  준비서류 가족관계증명서(전자가족관계등록시스템 https://efamily.scourt.go.kr), 고용보험 미적용자 출산급여 지급결정통지서(직인 포함) 문의 국번없이 1350",몽땅정보 만능키 홈페이지에서 신청 - 2025.3. 11.(화),,다산콜센터(02-120),연령무관,출산 - 급여?바우처,서울시,.,.
출산,급여?바우처, ,1인 자영업자?프리랜서 배우자 출산휴가 지원금,1인 자영업자 등에 배우자 출산휴가급여 80만원 지원,"신청일 기준 서울시 거주 배우자 출산휴가를 사용한 1인 자영업자ㆍ노무제공자ㆍ플랫폼종사자ㆍ예술인ㆍ프리랜서 등 【지원제외자】 ? 유산?사산의 경우, 유사 사업수혜자 ‘배우자 출산휴가급여’(고용노동부) ? 신청자와 배우자, 출산자녀 모두 외국인인 경우 ? 부동산 임대사업자(부동산임대 관련한 소득활동은 불인정)    ※ 다만, 1개의 사업자등록증에 부동산 임대업 외 타 업종이 있는 경우 지원신청 가능 【1인 자영업자 등 이란?】 ? 「근로복지기본법」제95조의2제1항제2호에 따른 '1인 자영업자'  ? 「산업재해보상보험법」제91조의15의 적용을 받는 '노무제공자' 및 '플랫폼 종사자'  ? 「예술인복지법」제2조제2호에 따른 '예술인'으로「예술인복지법」제4조의4에 따른 문화예술용역 계약을 체결하고, 다른 사람을 사용하지 않고 자신이 직접 노무를 제공하는 사람  ? 「서울특별시 노무제공자 및 프리랜서 권익보호와 지원에 관한 조례」제2조에 따른 '프리랜서'  ? 기타 고용보험 수급요건 미충족 근로자, 고용보험법 적용제외 사업의 근로자, 고용보험 미성립사업장의 미가입근로자","ㅇ 신청방법 : 몽땅정보 만능키(https://umppa.seoul.go.kr)에서 2025. 3. 11.(화) ㅇ 신청자격  ① 배우자가 출산한 날부터 90일 이내에 배우자 출산휴가* 사용자 ② 2024년 4월 22일 이후 자녀 출산 및 서울시 출생신고 ③ 신청일 기준 신청자, 배우자, 출생자녀 주민등록상 서울시 거주   ※ 사업자등록을 한 경우 출산일 기준으로 사업장 소재지가 서울시이어야 함   ※ 사실혼, 결혼이민자(비자 F-5-2, F-6) * 다문화가정 ㅇ 지급요건 : 출산일 이전 18개월 중 3개월 이상 소득활동이 있는 자 ㅇ 신청시기 : 배우자 출산휴가 휴가가 끝난 날 이후 12개월 이내     ※ 단, ’24. 4. 22.~’24. 6. 30.기간 중 출생한 자녀의 아빠 경우 ’25. 6. 30.까지 신청   * 배우자 출산휴가 사용   - 배우자 출산한 날로부터 90일 이내 배우자 출산휴가를 사용   - 배우자 출산한 날로부터 90일 지나면 배우자 출산급여 신청불가   - 1회에 한정 분할 사용 가능  ※ 만일 분할사용으로 인해 10일 중 일부만 사용한 경우에도 나머지 휴가를 출산한 날부터 90일 이내에 시작해야 함  ㅇ 지원자격 확인 방법 : 행정정보공동이용을 통해 지원자격 검증 ※ 제출하지 않아도 되는 구비서류    주민등록표 등?초본, 건강보험자격득실확인서, 고용보험피보험자격이력내역서(상용), 부가가치세과세표준증명, 소득금액증명, 사업자등록증명 ※ 제출해야 하는 구비서류  가족관계증명서, 부가가치세면세사업자수입금액증명, 사용증명서(근로기준법 39조), 노무제공자?예술인 표준계약서, 용역계약서, 이체확인증, 원천징수영수증 등 ※ 행정정보공동이용을 통해 지원자격에 필요한 정보가 확인되지 않을 경우 필요서류 제출을 요청할 수 있습니다. ㅇ 지급방법 : 지원대상 계좌로 이체   ※ 지원대상 계좌로 지급하는 것이 원칙이나 예외적으로 압류방지계좌만 보유, 채무불이행으로 금전채권 압류 등 제3자 계좌로 지급   - 온라인으로 신청한 후 대리수령 신청서 구청방문 제출(제3자 계좌 등록) ㅇ 지급결정 : 서울톡 ? 문자   - 신청결과, 지원대상이 아닌 경우 부적격 사유, 지원금 지급 등 안내",,다산콜센터(02-120),연령무관,출산 - 급여?바우처,서울시,.,.
육아,수당?급여, ,부모급여,0세: 월 100만원 지원 1세: 월 50만원 지원,0~1세,"동 주민센터, 복지로에서 신청",,보건복지부 콜센터 (129),0세 ~ 1세,육아 - 수당?급여,서울시,https://www.bokjiro.go.kr/ssis-tbu/twataa/wlfareInfo/moveTWAT52011M.do?wlfareInfoId=WLF00004657,https://www.bokjiro.go.kr/ssis-tbu/twataa/wlfareInfo/moveTWAT52011M.do?wlfareInfoId=WLF00004657
육아,놀이?외출지원, ,가족화장실,남녀 구분 없이 영유아 동반 엄마아빠의 이용이 편리하도록 설비와 물품 등을 갖춘 화장실 조성,아이 동반 가족,"공공화장실, 공공시설, 공원, 한강공원, 수변공간 등 방문시 이용가능",여건에 따라 탄력적 운영,서울시 저출생담당관(02-2133-5031),연령무관,육아 - 놀이?외출지원,서울시,https://map.seoul.go.kr/smgis2/short/6ONnA,.
임신,임신준비지원, ,서울시 남녀 임신준비 지원(건강관리 프로그램)(사업종료),"? 가임기 남녀 대상 엽산제 지원 및 건강검진(일반검진 및  ? 생식기능검사(남성 정액검사, 여성 난소기능검사) 지원",서울시 가임기 남녀,(민원)서울시 임신출산정보센터(사이트) 온라인 신청  및 예약일에 해당보건소 방문,본사업은 종료되었습니다.,주소지 보건소 사업담당 부서,연령무관,임신 - 임신준비지원,서울시,https://seoul-agi.seoul.go.kr/pregnancy-preparation-application,https://seoul-agi.seoul.go.kr/pregnancy-preparation-application
육아,수당?급여, ,장애아 보육료,"장애아반 편성아동: 월587,000원 지원 일반반 편성아동: 월 수납한도액 지원",(원칙)장애인복지카드를 소지한 만12세이하 미취학 장애아동,"동 주민센터, 복지로에서 신청",기본보육: 9:00~16:00 연장보육: 16:00~19:30,교육부 콜센터(02-6222-6060),0세 ~ 12세,육아 - 수당?급여,서울시,https://www.easylaw.go.kr/CSP/CnpClsMainBtr.laf?csmSeq=626&ccfNo=2&cciNo=3&cnpClsNo=1,https://www.bokjiro.go.kr/ssis-tbu/twataa/wlfareInfo/moveTWAT52011M.do?wlfareInfoId=WLF00001067
육아,돌봄인프라, ,서울형모아어린이집,공동 프로그램 운영 및 입소조정 등,사업 참여 어린이집의 영유아 및 양육자,어린이집 입소 신청 및 등록,어린이집 보육시간 내,서울시 영유아담당관(02-2133-5108),연령무관,육아 - 돌봄인프라,서울시,https://iseoul.seoul.go.kr/portal/info/content.do?page=0806,.
육아,돌봄인프라, ,다문화엄마학교 운영,다문화가족 학부모의 자녀 학습지도(학교과목 위주) 능력향상 교육 지원,초등학생 자녀를 둔 다문화가족 학부모,서울시 다문화담당관(02-2133-8685) 문의,,서울시 다문화담당관(02-2133-8685),6세 ~ 12세,육아 - 돌봄인프라,서울시,https://www.mcfamily.or.kr,.
육아,수당?급여, ,청소년 한부모 양육비 지원 확대,자녀 1명당 아동양육비 월 20만원 추가 지원,기준 중위소득 90% 이하 청소년한부모 가정,거주 중인 자치구 동주민센터 신청,,서울시 가족담당관(02-2133-6563),연령무관,육아 - 수당?급여,서울시,https://news.seoul.go.kr/welfare/archives/549187,.
(예비)신혼부부,결혼지원, ,"청년 1인가구 소셜다이닝, 건강한 밥상","청년 1인가구 대상 조리도구 사용법, 재료 고르는 법 등 기초 중심의 요리교실 및 소통 프로그램 운영 ㅁ 운영자치구 : 동대문구, 은평구, 금천구, 영등포구, 강동구    ※ 타자치구 거주자도 신청 가능합니다.",서울시 거주 또는 생활권인 청년(19~39세) 1인가구,온라인 신청    - 서울시 1인가구 포털(1in.seoul.go.kr) > 지원사업 신청 > '건강한 밥상' 조회 후 원하는 프로그램 선택하여 신청,,자치구별 담당부서    - 동대문구 : 070-7459-3301    - 은평구 : 070-7492-7903    - 금천구 : 02-2627-1467      - 영등포구 : 02-2670-1650    - 강동구 : 02-479-1179,연령무관,(예비)신혼부부 - 결혼지원,서울시,.,.
양육,수당?급여, ,서울형 육아휴직장려금,"○ 자녀 1인당 최대 120만원 지원     - 육아휴직기간 연속 6개월 시 60만원, 연속 12개월 경과 시 60만원 추가지급      ※ 부?모 모두 육아휴직 시 각각 지급 (자녀 1인에 대해 가구당 최대 240만원 지급)","○ 신청일 기준 서울시에 1년 이상 계속해서 주민등록한 자 (육아휴직 대상 자녀는 신청일 기준 서울시에 주민등록)      ※ 아래 조건 모두 충족 시    - 기준 중위소득 150%이하(서울형 육아휴직 장려금 공지사항 필독)      ※ 건강보험료 본인부담금 납부액(장기요양보험료 제외)을 기준으로 월평균 가구소득 금액 산정      <span	class='color_red'>※ 고용보험 가입 후 2023.1.1.~2023.12.31. 중 육아휴직을 시작하여 육아휴직 급여를 6개월 이상 연속 수급한 자에 한해 2024.12.15.까지 신청 가능 </span>      <span	class='color_red'>※ 2022년 또는 2024년에 육아휴직을 시작한 자는 지급 불가능</span>      <span	class='color_red'>※ 다만, 다음 경우에는 제출 서류 중 육아휴직 급여 결정 통지서를 육아휴직 확인서(2024년 12월 발급 분)으로 갈음할 수 있습니다.   가 신청자가 2024년 12월 15일 이전에 육아휴직을 종료하였으나, 육아휴직 급여 신청 이후 결정까지 시간이 소요되어 장려금 신청 시점까지 육아휴직 급여 결정 통지서를 제출할 수 없는 경우   나 신청자의 육아휴직 종료 시점이 2024년 12월 15일~12월 30일  사이여서 장려금 신청 시점까지 육아휴직 급여 결정 통지서를 발급받지 못한 경우</span>      <span	class='color_red'>※ 자치구에 따라 예산 조기 소진될 수 있음</span>",○  본 사업은 2024년 12월 31일자로 종료되었습니다.,연중,120 다산콜재단 및 동주민센터,연령무관,양육 - 수당?급여,서울시,.,.
육아,수당?급여, ,어린이집 영유아 방문건강관리 서비스 지원,어린이집으로 방문건강간호사가 찾아가서 건강관리 및 건강교육서비스 제공,서울시 정원 40인 미만 신청 어린이집 영유아,모집기간(정기 및 수시)에 관할 구청 신청,연중(기본보육시간 내),서울시 간호사회(02-859-6347),연령무관,육아 - 수당?급여,서울시,.,.
양육,놀이?외출지원, ,탄생응원 서울축제(2024년),"- 취지 : 저출생 시대 생명과 가족의 ‘위대한’ 탄생을 축하하고, 탄생의 소중한 기쁨과 행복을 널리 전파하고 되새길 수 있는 축제의 장 마련 - 행사주제 : '위대한 동행, 행복한 다둥이 가족' - 행사내용 : 공모전 당선작 시상, 서울엄빠 행복한 순간 영상 상영, 축하공연, 경품 추첨 등 - 행사일자 : 2024년 5월 25일 토요일 13:00~16:00",서울시 거주 다둥이 가족,- 신청 기간: 5/20~22 - 신청 방법: 축제 누리집(www.happyseoul.or.kr)에서 선착순 접수,,저출생담당관(02-2133-5018),연령무관,양육 - 놀이?외출지원,서울시,https://www.happyseoul.or.kr/,.
육아,돌봄인프라, ,서울형 아침돌봄 키움센터,아침 7~9시 등교 준비 및 등교 동행,아침돌봄이 필요한 6~12세 아동 혹은 초등학생,각 센터 전화 신청접수 - 성동4호점 : 02-2297-9736 - 서대문4호점 : 02-379-0709 - 마포9호점 : 02-322-2311 - 은평8호점 : 02-6953-2148 - 중랑1호점 : 02-435-2157 - 노원12호점 : 02-939-1918 - 강서7호점 : 02-2699-9713 - 구로15호점 : 02-2683-7942 - 동작3호점 : 02-585-0406 - 강동6호점 : 02-488-5929,주중 07:00~09:00,다산콜센터 02-120,6세 ~ 12세,육아 - 돌봄인프라,서울시,https://umppa.seoul.go.kr/hmpg/chpo/noti/bordContDetail.do?mode=W&bbs_no=1&pst_no=1A9DE49A31E9821FE063A60221620A3C,https://umppa.seoul.go.kr/icare/user/kiumCareResve/kiumResveManage/BD_selectMornCareResveList.do
양육,가사지원, ,외국인 가사관리사 시범사업(연장),"서울지역 맞벌이 가구 등을 대상으로 외국인 가사관리사가 양육가정의 가사와 육아를 제공하는 서비스 - (서비스 유형) 시간제(4?6시간), 종일제(8시간)    * 이용가능일 : 월~금, 이용가능시간 : 08:00~20:00 - (서비스 내용) 외국인 가사관리사가 출퇴근 하면서 자녀돌봄 및 그와 관련된 가사활동 제공","만 12세(2012.1.1.이후 출생)이하 자녀를 두었거나 출산 예정인 가정 ※ 한부모, 다자녀, 맞벌이, 임신부가 있는 가정 우선 이용자 선정","서비스 제공기관 홈페이지(홈스토리생활, 휴브리스)에서 상시신청","o 운영기간    - (1차시범) 2024.9.3 ~ 2025.2.28., 6개월   - (시범연장) 2025.3.~",서울시 다산콜센터(02-120),0세 ~ 12세,양육 - 가사지원,서울시,https://umppa.seoul.go.kr/hmpg/chpo/noti/bordContDetail.do?mode=W&bbs_no=1&pst_no=1D54BCF35A2A35A3E063A602216284C6,.
임신,의?약비지원, ,35세 이상 임산부 의료비 지원,"지원내용 : 임신 확인일부터 출산 전까지 산전 외래 진료 및 외래 진료?검사비 지원 (임신 확인 후 불가피하게 유산한 경우, 지원 한도 내에서 유산 관련 처치비 신청 가능) 지원금액 : 임신 회당 최대 50만원 지원범위 : 진료비영수증 상 환자부담 총액(본인이 실제 납부한 금액 기준) 신청기간 : 임신 확인일 이후부터 출산(유산) 후 6개월 이내 신청 ※ 신청일로부터 지급까지 총 2개월 소요(신청일로부터 서류심사까지 약 1개월, 심사완료 후 지급까지 약 1개월 소요) ※ 주의사항 : 국민행복카드 임산부 바우처와 중복 사용 불가  ※ 진료과(내과, 이비인후과 등)와 상관없이 임산부 산전 의료비 신청 가능하며, 유산 관련 처치비는 산부인과에 한해서만 신청 가능 ※ 지원제외 항목 : 입원비(진료?검사비, 식비, 이송료 등), 약제비, 제증명료 발급비용                   외국 의료기관에서 발생한 의료비, 면제 또는 감면된 의료비 등'","신청일 기준 서울시에 거주하는 35세 임산부(다문화가족 외국인 임산부 포함) ※ 부부 모두 외국인의 경우 지원 제외 분만예정연도(임신확인서에 기재된 날짜) 기준 35세 이상일 경우 신청 가능 - 2027년 출산 예정인 경우, 1992년생까지 신청 가능'","몽땅정보만능키 홈페이지에서 신청 <span	class='color_blue'>공통서류 : 진료비 영수증, 진료비 세부내역서, 임신확인서</span> <span	class='color_red'>(임신확인일, 분만예정일 필수 기재)</span>  ※ 온라인 신청이 어려운 경우 주소지 관할 보건소 방문 신청, 공통서류 외 통장사본 추가 제출 ※ 50만원 한도 내 여러 건 신청 시 영수증을 모아서 신청   <span	class='color_black'><h3>유의사항</h3></span> ★ 국민행복카드 임산부 바우처와 중복 사용 불가 ★ 외래 진료?검사비에 한해서 신청 가능(진료비 영수증에 기재된 진료 형태가 입원이면 신청 불가) ★ <span	class='color_blue'>출산(유산)일로부터 6개월 이내 신청 가능</span> <span	class='color_red'>(출산?유산일로부터 6개월 초과 시 신청 불가)</span> ★ <span	class='color_blue'>신청일로부터 지급까지</span> <span	class='color_red'>총 2개월 소요</span> (신청일로부터 서류심사까지 약 1개월, 심사완료 후 지급까지 약 1개월 소요)</span>  출산?유산일로부터 6개월 이내(출산?유산일로부터 6개월 초과 시 신청 불가)",,다산콜센터 02-120,연령무관,임신 - 의?약비지원,서울시,.,.
육아,생활지원, ,서울엄마아빠택시,"? 사업내용 : 영아용 카시트가 구비된 택시 이용권(포인트) 연 10만원(영아1인당) 지원   - 운영업체에서 최대 2만원 포인트 지급     ? 택시포인트 10만원 적립시(전대상) : 5천원     ? 3개월 내 택시 포인트 전액소진시(해당자) : 5천원    ? 다자녀 또는 한부모가족(한부모가족증명서 발급 대상자)(해당자) : 1만원  <span	class='color_blue'><strong>? 신청기한 : 2025. 2. 24. ~ 2025. 11. 30. 까지 신청</strong></span> <span	class='color_black'><strong>? 바우처 사용은  2025년 12월 15일 23시 59분(차량하차 기준)까지 사용가능</strong></span>   <span	class='color_red'> </strong>  ※ 사용기한 종료 후 잔여 바우처 모두 소멸 </strong></span>  ? 운영업체 : 타다, 파파    <span	class='color_red'><strong>※ 서울엄마아빠택시의 안정적인 서비스 제공을 위해  '파파'의 신규 신청이 마감되었습니다. 신청시 참고하여 주시기 바랍니다.</strong></span>   <span	class='color_red'><strong>※ 타다 : 신규 신청 가능(~2025.11.30.까지)</strong></span>   <span	class='color_blue'><strong>? 구비서류(시스템 업로드)</strong></span>  - 한부모가족 : 한부모가족 증명서   - 다자녀가족 : 등본으로 다자녀임이 확인되지 않는 경우, 가족관계등록부    <span	class='color_red'>※ 모든 구비서류 미제출, 미비로 인한 책임은 신청인 본인에게 있음</span>","? 이용대상 : 서울시에 주소를 둔 24개월 이하 영아를 양육하는 실질적 양육자   - 실질적양육자는 영아를 기준으로 부,모,(외)조부모, 3촌 이내 친인척으로 영아와 함께 주민등록되어 있는 경우 (24개월 이하 위탁아동 양육가정도 신청 가능)    - 신청월 기준 해당영아 24개월 이하","① 신청 방법 : 몽땅정보 만능키    - 영아 1명당 운영업체 선택 <span	class='color_blue'><strong>(타다, 파파) 중에 1개 선택</span>하여 신청 ② 이용방법 : 포인트 부여 완료시 선택한 개별 앱 설치 및 실행 후 이용  (차량 1대당 카시트 1개 지원)   <span	class='color_red'><strong>※ 예약 호출 원칙이며, 선택한 운영업체는 변경 불가</strong></span>","? 포인트 사용기간 : 포인트 생성일 ~ 12월 15일 23시 59분(차량하차 기준)  ? 유의사항  - 신청 전, 이용하고자 하시는 운영사의 앱을 미리 가입해놓으시면, 포인트 부여 시간이 단축되어 편리하게 이용 가능합니다.  - 몽땅정보 만능키에 가입된 휴대폰 번호와 선택한 운영사 내 가입된 휴대폰 번호가 동일해야 이용 포인트가 지급됩니다.     <span	class='color_red'>※ 휴대폰 번호  불일치할 경우 포인트 미부여 또는 지연될 수 있으므로 반드시 선택한 운영사 앱 가입 번호와 일치</span>  - 영아 미동반 탑승시 부정수급에 해당되어 사용액이 환수 조치 될 수 있습니다.  -  <span	class='color_red'><strong>신청기한은 2025. 11. 30. 까지, 사용기한은 2025. 12. 15. 23:59(차량하차기준)이며, 사용기한 종료 후 잔여 바우처가 모두 소멸됩니다. </strong></span>",다산콜센터(02-120),0세 ~ 2세,육아 - 생활지원,서울시,.,https://umppa.seoul.go.kr/hmpg/cogo/como/pata/appl/applSelfRegistForm.do
출산,양육교육, ,엄마 북돋움,"엄마 북(Book)돋움 책꾸러미 상자 배송 (엄마아빠 육아정보도서 1권, 우리아이 첫책(그림책) 2권, 시 육아정책정보, 엄마 북돋움 에코백)",서울시 거주 임산부(임신 3개월 ~ 출산 3개월),"ㅇ 임산부   - 임산부교통비지원 시스템에서 직접 온라인 신청 ㅇ 그 외(시스템 이용이 불가한 경우)   - 교통비를 지원받지 못한 임산부, 조손가정, 父子가정 등은 서울도서관에서 별도 이메일 신청(http://lib.seoul.go.kr/bbs/content/3_58729)",,서울도서관 도서관정책과(02-2133-0224),연령무관,출산 - 양육교육,서울시,https://lib.seoul.go.kr/rwww/html/ko/bookUp.jsp,https://www.seoulmomcare.com
출산,급여?바우처, ,산모?신생아 건강관리 서비스 지원,"- 산모와 신생아 건강관리 및 돌봄 서비스 제공  ㆍ산모 지원: 위생?부종?영양관리, 식사준비, 산모신생아 주생활 공간 청소 세탁 등  ㆍ신생아 지원: 수유 지원, 청결관리, 예방접종 지원 등",서울시 산모,출산 예정 40일 전부터 출산일로부터 30일까지 신청,1일 8시간( 09:00~18:00 ),주소지 보건소 산모신생아 담당,0세 ~ 1세,출산 - 급여?바우처,서울시,https://www.bokjiro.go.kr/ssis-tbu/twataa/wlfareInfo/moveTWAT52011M.do?wlfareInfoId=WLF00001188,https://www.bokjiro.go.kr/ssis-tbu/twataa/wlfareInfo/moveTWAT52011M.do?wlfareInfoId=WLF00001188
육아,건강지원, ,서울아기 건강 첫걸음,"영유아건강간호사의 가정방문 건강관리 서비스   ㆍ보편방문 서비스 제공(모든 신청 가정)   ㆍ지속방문 서비스 제공(고위험 가정 대상, 만2세까지 약30회 방문관리)   ㆍ산전, 산후 우울증 스크리닝   ㆍ교육 책자를 활용한 부모, 양육자 교육 등",서울시 임산부 및 만2세 미만 영유아,(민원)서울시 임신출산정보센터(사이트) 신청 또는 보건소 직접 신청 →  (해당 자치구보건소) 방문날짜 협의 → (영유아건강간호사)방문관리서비스 제공,연중(평일),주소지 보건소 사업담당 부서,0세 ~ 2세,육아 - 건강지원,서울시,https://seoul-agi.seoul.go.kr/health-first-step-application,https://seoul-agi.seoul.go.kr/health-first-step-application
육아,건강지원, ,서울아이발달지원센터,"발달선별검사를 통한 발달지연 아동 조기발견 발달검사 후 아동별(정상, 관찰필요 아동, 도움필요 아동) 맞춤형 상담 및 교육, 재평가, 연계치료 등 제공",어린이집 재원아동 및 가정양육아동,발달검사 예약 : 서울아이발달지원센터 홈페이지(www.seoul-i.kr) 온라인 신청,"주간(월~금 09~18시/토 10~17시), 야간(화?목 18~20시)",서울아이 발달지원센터(02-3280-6311),0세 ~ 2세,육아 - 건강지원,서울시,https://www.seoul-i.kr/,.
임신,임신준비지원, ,정?난관 복원 시술비 지원,정?난관 복원 시술 관련 요양급여 비용 중 일부?전액 본인부담금 최대 100만원까지 지원(생애 1회),영구피임시술(정관?난관 절제술 또는 결찰술)을 받은 자 중에서 임신?출산을 위해 정?난관 복원 시술을 받은 서울 시민  - 남성 만 55세 이하(1969년 이후 출생)  - 여성 만 49세 이하(1975년 이후 출생),(민원)서울시임신출산정보센터(사이트) 온라인 신청 및 주소지 보건소 신청,평일(09:00~18:00),주소지 보건소 다산콜센터(02-120),연령무관,임신 - 임신준비지원,서울시,https://seoul-agi.seoul.go.kr/coffin-restore,https://seoul-agi.seoul.go.kr/coffin-restore-applicant/
임신,난임지원, ,서울시 한의약 난임치료 지원,"원인불명의 난임진단 부부에게  한의약 난임치료 첩약비용(3개월)의 본인부담금 90%(상한 1,200천원) 지원",서울시 거주 난임진단 부부,임신출산정보센터 난임부부 회원등록 후  온라인(서울시 임신출산 정보센터 사이트) 또는 주소지 보건소 신청,해당없음,주소지 보건소 한의약 난임담당 다산콜센터(02-120),연령무관,임신 - 난임지원,서울시,https://seoul-agi.seoul.go.kr/infertility-treatment-support,https://seoul-agi.seoul.go.kr/infertility-treatment-support-application
출산,건강지원, ,서울시 난임?임산부심리상담센터 운영,"난임부부, 유산?사산 경험부부, 임산부 및 양육모의 정서적 안정을 위해 전담 상담사가 등록부터 종결까지 1:1 상담 및 다양한 프로그램을 운영","난임부부, 유산?사산 경험부부, 임산부 및 양육모",센터 방문전 전화로 문의 및 상담 예약 필수  (1:1 상담으로 상담시간이 길어 질 수 있음)  서울권역 난임?임산부심리상담센터 (https://www.mindcare-for-family.kr/) 서울 서남권역 난임?임산부심리상담센터(https://fmc.or.kr/),평일 ( 09:00~17:00 ),서울권역 : 강남센터(강남세브란스병원 2동 3층) : 02-2019-4581 송파센터(가든파이브 영관 8층) : 02-6956-6248 서울 서남권역 : 보라매센터(전문건설회관 28층): 02-870-3617 금천구지역센터(뉴연세여성의원 10층):02-895-1002,연령무관,출산 - 건강지원,서울시,https://www.mindcare-for-family.kr/,.
출산,급여?바우처, ,서울형 산후조리경비 지원,- 출생아당 산후조리경비 100만원 지원 - 산모 본인 명의 신용/체크카드에 바우처 포인트 지급    ? 단태아: 100만원    ? 쌍태아: 200만원    ? 삼태아: 300만원 ※ 출산일로부터 60일 이내 신청,"서울시에 주민등록을 두고 있는 산모, 서울시 출생등록, 출산일로부터 60일 이내 신청 ※ 사전준비사항  - 신청일 현재 신생아의 출생신고가 서울시에 되어 있어야 하며, 아래 카드사의 본인명의의 카드를 소지하고 있어야 바우처 지급이 가능    ? 신한카드(국민행복카드만 가능), 삼성카드, KB국민카드, 우리카드, BC카드(IBK기업은행, 신협, 새마을금고, 우체국)","포인트사용처 ? 산모?신생아 건강관리서비스 본인부담금 ? 의약품 및 건강식품 구매 ? 한약조제 ? 산후 운동수강서비스 - (몸 건강) 체형교정, 붓기관리, 탈모관리, 요가, 필라테스 등 - (마음건강) 산후우울증 상담 등",,온라인 : 서울맘케어 시스템(<a	target='_blank'	href='https://www.seoulmomcare.com'>www.seoulmomcare.com</a>) 오프라인 : 거주지 동주민센터 방문신청,연령무관,출산 - 급여?바우처,서울시,https://www.seoulmomcare.com/notice/pcGuide.do,.
육아,수당?급여, ,만0~5세 보육료,"① 기본보육료(월별) 만0세반: 540,000원 만1세반: 475,000원 만2세반: 394,000원 만3~5세: 280,000원  ② 연장보육료(월별) 0세반: 3,000원 영아반: 2,000원 유아반: 1,000원 장애아반: 3,000원",대한민국 국적을 보유 한 만 0~5세 영유아,"동 주민센터, 복지로에서 신청",기본보육: 9:00~16:00 연장보육: 16:00~19:30,교육부 콜센터(02-6222-6060),0세 ~ 5세,육아 - 수당?급여,서울시,https://www.easylaw.go.kr/CSP/CnpClsMainBtr.laf?csmSeq=626&ccfNo=2&cciNo=3&cnpClsNo=1,https://www.bokjiro.go.kr/ssis-tbu/twataa/wlfareInfo/moveTWAT52011M.do?wlfareInfoId=WLF00003250
육아,수당?급여, ,다문화 보육료,"만0세: (기본)540,000원, (야간)540,000원, (24시간)810,000원 만1세반: (기본)475,000원, (야간)475,000원, (24시간)712,500원 만2세반: (기본)394,000원, (야간)394,000원, (24시간)591,000원 만3~5세: (기본)280,000원, (야간)280,000원, (24시간)420,000원",(원칙) 다문화가족지원법에 따른 다문화가족 자녀 중 미취학 아동,"동 주민센터, 복지로에서 신청",기본보육: 9:00~16:00 연장보육: 16:00~19:30,교육부 콜센터(02-6222-6060),0세 ~ 5세,육아 - 수당?급여,서울시,https://www.easylaw.go.kr/CSP/CnpClsMainBtr.laf?csmSeq=626&ccfNo=2&cciNo=3&cnpClsNo=1,https://www.bokjiro.go.kr/ssis-tbu/twataa/wlfareInfo/moveTWAT52011M.do?wlfareInfoId=WLF00001183
육아,생활지원, ,엄마아빠 힐링 문화 프로그램,육아에 지친 양육자의 스트레스 경감 및 아이와 함께 즐길 수 있는 문화프로그램 제공 - 문화시설 엄마아빠 힐링 프로그램 및 가족 프로그램 - 가족친화형 축제 육성?지원 - 엄마아빠가 행복한 책읽는 서울광장 - 공원 내 엄마아빠 힐링프로그램 ‘엄빠공휴일’,영유아 및 아동 동반 양육자 ※ 각 프로그램별 이용대상 상이,"엄마아빠가 행복한 책읽는 서울광장 : 창의놀이터 운영(4월18일~11월10일, 매주 토~일, 현장 자유참여) 문화시설 프로그램, 공원내 체험 프로그램 : 수시 진행 - '서울문화포털'에서 검색 및 신청  - '서울특별시 공공서비스 예약' > '문화체험/문화행사' 에서 검색 및 신청",시설별 상이,서울도서관 (책읽는서울광장 2133-0223),연령무관,육아 - 생활지원,서울시,https://news.seoul.go.kr/welfare/?p=546681,.
육아,놀이인프라, ,서울장난감도서관,"- 장난감,도서,DVD 대여 - 장애 영유아 장난감 대여 - 육아용품 대여","서울 거주 시민 또는 서울 소재 근무 직장인 가정의 자녀 중 미취학 영유아이며, 장애아동은 만12세까지 이용 가능",서울 장난감도서관(https://seoultoy.or.kr/) 회원가입 후 이용,"화~금 10:00~18:30 토, 일 11:00~17:00",02-753-0222,0세 ~ 6세,육아 - 놀이인프라,서울시,https://www.seoultoy.or.kr/new/main/index.php,https://www.seoultoy.or.kr/new/main/index.php
육아,돌봄인프라, ,지역아동센터 긴급?일시돌봄,"아동보호(일상생활, 학습지도, 급식제공), 정서지원, 문화체험활동 등 돌봄 제공","18세미만 아동(초,중,고등학생)","동주민센터, 해당지역아동센터에 돌봄서비스 신청",09:00~20:00(평일-센터별 상이),"해당지역아동센터, 구청",6세 ~ 18세,육아 - 돌봄인프라,서울시,https://icare.seoul.go.kr/icare/user/fcltyInfoManage/BD_selectLocalCenterContactList.do?q_tap=1,.
육아,돌봄인프라, ,육아 지원 코디네이터 운영(사업종료),"양육자 및 예비 양육자 대상 맞춤형 육아정보 제공 및 육아자원 발굴?연계, 육아상담 등 지원",만5세 이하 영유아 양육가정 및 출산예정 가정,본 사업은 2023년에 종료되었습니다.,,"다산콜센터(120번→3번),  자치구 육아종합지원센터",0세 ~ 5세,육아 - 돌봄인프라,서울시,.,.
육아,돌봄인프라, ,365열린어린이집,"긴급 보육 필요시 심야, 휴일에도(24시간) 보육서비스 제공","6개월 이상 7세 이하 미취학 영유아(부모 또는 조부모 중 한 명 이상이 서울시에 거주하거나, 부모의 직장이 서울시인 경우)",이용 1일전까지 서울시보육포털서비스에서 신청(긴급 시 당일 방문?유선접수 가능),"365일 24시간(단, 1.1., 설?추석연휴, 5.5. 제외)",서울시 영유아담당관(02-2133-5116),0세 ~ 7세,육아 - 돌봄인프라,서울시,https://iseoul.seoul.go.kr/portal/reservation/dailyOpenPreschoolMiddle.do,https://iseoul.seoul.go.kr/portal/reservation/dailyOpenPreschoolList.do
육아,돌봄인프라, ,거점형 야간보육,야간연장보육 필요한 타원아동에 대한 보육서비스 제공,가정양육아동을 포함한 모든 미취학 영유아,이용당일 오후1시까지 서울시보육포털서비스에서 신청,평일 16:00~22:00(종료시간 어린이집별 상이),서울시 영유아담당관(02-2133-5116),0세 ~ 5세,육아 - 돌봄인프라,서울시,https://iseoul.seoul.go.kr/portal/reservation/baseExtendInfo.do,https://iseoul.seoul.go.kr/portal/reservation/baseExtendList.do
육아,돌봄인프라, ,시간제 보육 (정부형),만6개월~36개월 부모급여 또는 양육수당 수급 아동대상 시간제보육 지원,만6개월~36개월 미만 아동,시간제 보육 아동으로 임신육아종합포털 아이사랑(보건복지부) www.childcare.go.kr 사전등록 후 사전예약 또는 당일 신청,09:00~18:00,서울시육아종합지원센터(02-772-9814~9),0세 ~ 3세,육아 - 돌봄인프라,서울시,https://www.childcare.go.kr/,https://www.childcare.go.kr/
육아,돌봄지원, ,병원동행 아이돌봄서비스,부모의 맞벌이 등으로 아픈 자녀의 병원 동행을 할 수 없는 경우 아이돌보미가 병원 동행 및 가정 내 돌봄 서비스 제공,"비전염성 질병 감염, 예방접종, 정기검진 등으로 병원 내원이 필요한 양육공백 가정의 만 12세 이하 아동",아이돌봄서비스 (https://www.idolbom.go.kr/)에서 신청가능하며 이용가정의 상황에 맞춰 서비스제공기관(자치구 가족센터 등)에서 전담 돌보미를 연계,제한없음,"서울시 가족담당관(02-2133-6558), 가까운 자치구 서비스제공기관(자치구 가족센터 등) 연결(1577-2514)",0세 ~ 12세,육아 - 돌봄지원,서울시,https://icare.seoul.go.kr/icare/dolbomMENU2/dolbomMENU2_3/dolbomMENU2_3_1.jsp,https://www.idolbom.go.kr/front/login
육아,돌봄지원, ,등하원 아이돌봄서비스,"등원 사전준비, 준비물 챙기기, 등하원 동행, 하원 후 양육자 귀가 전까지 놀이활동 등 돌봄 서비스 제공","어린이집, 유치원, 학교, 학원 등하원 필요한 양육공백 가정의 만 12세 이하 아동",아이돌봄서비스 (https://www.idolbom.go.kr/)에서 신청가능하며 이용가정의 상황에 맞춰 서비스제공기관(자치구 가족센터 등)에서 전담 돌보미를 연계,"등하원 시간대 전후(오전 07~10시, 오후 16~20시)","서울시 가족담당관(02-2133-6558), 가까운 자치구 서비스제공기관(자치구 가족센터 등) 연결(1577-2514)",0세 ~ 12세,육아 - 돌봄지원,서울시,https://icare.seoul.go.kr/icare/dolbomMENU2/dolbomMENU2_3/dolbomMENU2_3_1.jsp,https://www.idolbom.go.kr/front/login
육아,돌봄인프라, ,우리동네키움센터 긴급?일시돌봄,돌봄이 필요한 아동에게 일시돌봄 서비스 제공,돌봄이 필요한 6~12세 아동 혹은 초등학생,우리동네키움포털 등으로 이용 희망 센터 돌봄서비스 신청 후 센터 승인을 거쳐 이용,* (일반형) 학기중 : 13시~20시 / 방학중 : 9시~18시 * (융합형) 학기중 : 13시~20시 / 방학중 : 8시~20시 #주말(토) 4시간 운영 * (거점형) 학기중 : 13시~20시 / 방학중 : 8시~20시 #주말(토) 10시~18시,이용 희망 센터(우리동네키움포털 홈페이지 참조),6세 ~ 12세,육아 - 돌봄인프라,서울시,https://umppa.seoul.go.kr/icare/user/fcltyInfoManage/BD_selectCareCenterContactList.do?q_tap=1,https://umppa.seoul.go.kr/icare/user/careResve/BD_selectChilCareResveList.do
육아,돌봄지원, ,시간제 아이돌봄 서비스,"양육공백 가정에 아이돌보미가 찾아가 놀이활동, 준비된 식사 및 간식, 보육시설(초등학교) 등?하원(교) 동행 등 돌봄 서비스 제공  ※ 정부지원 아이돌봄 서비스는 서울형 아이돌봄비(조부모 돌봄수당 등)와 별개의 사업   - 서울형 아이돌봄비(조부모 돌봄수당 등) 사업에 대한 안내를 원하시면 몽땅정보만능키 누리집 > 출산육아정책 > 공지사항 17번 “[필독] 서울형 아이돌봄비 사업 안내”를 확인",만 12세 이하 아동,"1. 정부지원 신청(복지로 홈페이지, 동주민센터)  2. 국민행복카드 발급 3. 정부지원 결정(자치구청) 4. 아이돌봄 서비스 홈페이지 가입 5. 서비스 이용신청(당월 1~25일, 전월 11~25일)",제한없음,가까운 서비스제공기관 (자치구 가족센터 등) 연결 1577-2514,0세 ~ 12세,육아 - 돌봄지원,서울시,https://www.bokjiro.go.kr/ssis-tbu/twataa/wlfareInfo/moveTWAT52011M.do?wlfareInfoId=WLF00000024,https://www.bokjiro.go.kr/ssis-tbu/twataa/wlfareInfo/moveTWAT52011M.do?wlfareInfoId=WLF00000024
육아,돌봄지원, ,영아종일제 아이돌봄 서비스,"양육공백 가정에 아이돌보미가 찾아가 영아 이유식 먹이기, 젖병 소독, 기저귀 갈기, 목욕 등 돌봄 서비스 제공  ※ 정부지원 아이돌봄 서비스는 서울형 아이돌봄비(조부모 돌봄수당 등)와 별개의 사업   - 서울형 아이돌봄비(조부모 돌봄수당 등) 사업에 대한 안내를 원하시면 몽땅정보만능키 누리집 > 출산육아정책 > 공지사항 17번 “[필독] 서울형 아이돌봄비 사업 안내”를 확인",만 36개월 이하 영아,"1. 정부지원 신청(복지로 홈페이지, 동주민센터)  2. 국민행복카드 발급 3. 정부지원 결정(자치구청) 4. 아이돌봄 서비스 홈페이지 가입 5. 서비스 이용신청(당월 1~25일, 전월 11~25일)",제한없음,가까운 서비스제공기관 (자치구 가족센터 등) 연결 1577-2514,0세 ~ 3세,육아 - 돌봄지원,서울시,https://www.bokjiro.go.kr/ssis-tbu/twataa/wlfareInfo/moveTWAT52011M.do?wlfareInfoId=WLF00000024,https://www.bokjiro.go.kr/ssis-tbu/twataa/wlfareInfo/moveTWAT52011M.do?wlfareInfoId=WLF00000024
육아,놀이?외출지원, ,서울형 키즈카페,"어린이에게 계절변화와 상관없고, 경제적 부담없는 놀이공간을 제공하고 재미?안전?돌봄까지 책임지는 서울형 키즈카페 조성",0~9세 아동 및 보호자,"(개인이용) 이용자가 희망하는 시간대에 온라인 예약(우리동네 키움포털, https://icare.seoul.go.kr/) 후 해당일에 시설방문이용 (단체이용) 기관 종사자에 의해 온라인 예약 후 해당일에 시설방문이용 ※ 개인의 경우 예약인원이 정원을 초과하지 아니하였을 때는 현장접수도 가능","주중 09:00~18:00, 주말 09:00~20:00 (시설별 상이)",다산콜센터(02-120),0세 ~ 9세,육아 - 놀이?외출지원,서울시,https://umppa.seoul.go.kr/icare/dolbomMENU5/dolbomMENU5_1.jsp,https://umppa.seoul.go.kr/icare/user/kidsCafe/BD_selectKidsCafeList.do
육아,돌봄인프라, ,공동육아방(사업종료),"부모 참여형 다양한 놀이 프로그램 운영, 육아정보 제공 및 상담 등",6세이하 영유아 및 보호자,인터넷 및 전화예약 후 시설이용 (자치구 육아종합지원센터),월~금 09:00~18:00 (시설별 상이),자치구 육아종합지원센터,0세 ~ 6세,육아 - 돌봄인프라,서울시,https://icare.seoul.go.kr/icare/user/fcltyInfoManage/BD_selectCopertnChldcrContactList.do?q_svcClCode=1002&q_tap=1,.
육아,돌봄인프라, ,공동육아나눔터,"부모 참여형 다양한 놀이 프로그램 운영, 도서 및 교구 지원, 가족품앗이 활동 지원 등",자녀 및 보호자,전화예약 후 시설 이용 (자치구 가족센터),월~금 09:00~18:00 (시설별 상이),자치구 가족센터,연령무관,육아 - 돌봄인프라,서울시,https://icare.seoul.go.kr/icare/user/fcltyInfoManage/BD_selectCopertnChldcrContactList.do?q_svcClCode=1004&q_tap=1,.
육아,돌봄인프라, ,우리동네키움센터,돌봄이 필요한 아동에게 정기돌봄 및 일시돌봄 서비스 제공,돌봄이 필요한 6~12세 아동 혹은 초등학생,우리동네키움포털 등으로 이용 희망 센터 돌봄서비스 신청 후 센터 승인을 거쳐 이용,* (일반형) 학기중 : 13시~20시 / 방학중 : 9시~18시 * (융합형) 학기중 : 13시~20시 / 방학중 : 8시~20시 #주말(토) 4시간 운영,이용 희망 센터(우리동네키움포털 홈페이지 참조),6세 ~ 12세,육아 - 돌봄인프라,서울시,https://umppa.seoul.go.kr/icare/user/fcltyInfoManage/BD_selectCareCenterContactList.do?q_tap=1,https://umppa.seoul.go.kr/icare/user/careResve/BD_selectChilCareResveList.do
육아,돌봄인프라, ,키움센터 아픈아이 일시돌봄?병원동행,거점형 키움센터 내 별도 돌봄공간 설치로 아픈아이에게 편안한 병상돌봄및 전용차량을 이용한 안전한 병원동행 서비스를 제공,"질병, 예방접종 등으로 병원 내원이 필요한 만 12세 이하 아동 ? (비정기) 단순 감기, 복통 등 갑자기 아파 등원(교) 및 시설 이용이 곤란할 때 ? (정  기) 필수 예방접종, 정기검진을 위해 병원 또는 보건소 내원이 필요할 때     ※ 39도 이상의 고열, 감염위험이 높은 질병감염 아동은 센터 다른 서비스 이용 아동의 보호를 위하여 지원대상에서 제외","- 거점형 키움센터 내 병상돌봄 또는 전용차량을 이용한 병원동행    ? (병상돌봄) 센터 방문 →  병상보호 → 보호자인계  ? (병원동행)  만남장소 아동픽업(전용차량) → 병원진료 → (희망시)병상보호 → 귀가 장소로 인계     - 이 용 료 : 병상돌봄 2,500원 / 병원동행 무료(병원비 자부담)",,서울시 아이돌봄담당관(02-2133-4818),0세 ~ 12세,육아 - 돌봄인프라,서울시,.,.
육아,가사지원, ,한부모가족 가사지원서비스 확대,"가사관리사 파견을 통한 가사서비스(연 22회/청소,세탁,설거지) 지원","서울시 거주 기준중위소득 150% 이하 한부모가족으로, 아래 조건 1가지 이상 충족 시 우선순위 적용   1) 일 또는 학업 중임               2) 자녀가 36개월 미만임   3) 본인 또는 가족구성원이 질병, 장애 등으로 가사가 어려움",서울시 가족담당관(02-2133-6562) 문의,,서울시 가족담당관(02-2133-6562),0세 ~ 3세,육아 - 가사지원,서울시,http://seoulhanbumo.or.kr/han/contents/han-applyService.do,http://seoulhanbumo.or.kr/han/contents/han-applyService.do
임신,건강지원, ,행복맘 지원 손목닥터9988 운영( 사업종료),스마트워치와 전용 앱을 통한 건강관리 서비스 제공,’24년도 출산 경험이 있는 서울시민,"특별모집 신청 시기(잠정 ’24.8월)에 손목닥터9988 앱 또는 홈페이지 통해 신규 회원가입 후 배송된 스마트워치와 앱 연동하여 서비스 이용 ※ 휴대폰 앱 또는 개인워치(갤럭시, 애플)로 참여 희망자는 상시 모집 중",,손목닥터 9988 고객센터 (1811-9988),연령무관,임신 - 건강지원,서울시,https://onhealth.seoul.go.kr/,https://onhealth.seoul.go.kr/
육아,돌봄인프라, ,다문화가족 자녀 언어지도,"다문화가족 자녀들이 한국사회 구성원, 나아가 글로벌 인재로 성장할 수 있는 토대 마련하기 위해 체계적인 언어발달을 지원",? 다문화가족 자녀 언어발달지원 : 언어평가 및 교육이 필요한 다문화가족 자녀(12세 이하) ? 이중언어 교육지원 :  만18세 이하 자녀를 둔 다문화가족,서울시 다문화담당관(02-2133-8685) 문의,,서울시 다문화담당관(02-2133-8685),0세 ~ 18세,육아 - 돌봄인프라,서울시,https://www.mcfamily.or.kr,.
임신,아동편의?공간지원, ,임산부 배려공간 조성,"ㅇ 교통 약자인 임산부의 엘리베이터 안전사고 예방 및 배려문화 확산을 위해 엘리베이터 내?외부에 임산부 배려공간 조성(엠블럼 부착)   - 임산부를 위해 해당 공간을 비워두고 양보하는 사회 분위기 확산 유도 ㅇ 임산부 배려공간 조성 현황(총 15개 기관, 49개소 / '24.4월 기준)   - 2023년 조성 : 서울식물원, 서울역사박물관, 서울공예박물관, 서울시립과학관, 서울시립미술관 서소문본관, 북서울미술관, 서울시립미술아카이브, 서울시여성가족재단 여성플라자, 스페이스살림, 서울의료원(총 10개소)   - 2024년 조성 : 서울시청, 세종문화회관, 서울기록원, 서울디자인재단, 서울시설공단(7개소), 서울물재생시설공단(2개소), 서울교통공사(3개소), 성동구청, 동작구청(5개소), 관악구청(6개소), 은평구청(3개소), 영등포구청(3개소), 양천구청(9개소), 서초구청(5개소), 서울에너지드림센터",임산부, , , ,연령무관,임신 - 아동편의?공간지원,서울시,.,.
육아,건강지원, ,다태아 안심 보험 지원,"- 보험가입 : ’24. 1. 1. 부터 출생한 서울시 거주 다태아(쌍둥이)  자동가입     ※ 타시도에서 출생한 다태아 서울시 전입시 자동가입, 서울시 거주 다태아 출생아 타시도 전출시 자동해지     ※ 타보험과 관계없이 중복 보장 가능 - 보장기간 : 출생일로부터 2년      ※  보험금 청구는 보험사고 발생시점으로부터 3년 이내에 가능 - 주요보장 : 응급실 내원비, 특정 전염병 진단비, 골절?화상 수술비, 상해 또는 질병치료 입원비, 암진단비 등 19개 항목 최대 1,000만원 지급      ※ 위 내용은 '25년 출생 기준이며, 정확한 세부 보장내용은 계약보험사(메리츠화재보험) 약관 확인 필요",24. 1. 1. 부터 출생한 서울시 거주(주민등록) 다태아(쌍둥이),"- 접수창구 : 메리츠화재보험 웹사이트(<a	href='http://mbi.seoul.insboon.com'	target='_blank'>mbi.seoul.insboon.com</a>) 등 - 구비서류 : 보험금 청구서, 주민등록등본, 출생증명서, 진료비영수증, 통장사본 등",,메리츠화재보험 고객센터(☎ 1522-6545) 서울시여성가족재단(810-5219),0세 ~ 2세,육아 - 건강지원,서울시,.,http://mbi.seoul.insboon.com
결혼,주거지원, ,전세보증금 반환보증 보증료 지원,"전세보증금 미반환 피해 예방 및 주거 안정성 강화를 위해 가입한 전세보증, 보증료를 지원(최대 30만원 한도)","ㅇ(지원대상) 서울시 거주 보증금3억원이하 무주택임차인    * 임차형태 : 전세, 보증부월세, 반전세  ㅇ(소득기준) 청년_연소득 5천만원 이하                  청년 외_연소득 6천만원 이하                   신혼부부_연소득 7천5백만원이하    *신혼부부는 혼인신고일기준 7년이내    *청년은 만 19세~만39세    *기혼자는 연소득 기준은 부부합산임.  ㅇ(주택조건) 보증금 3억원 이내 ㅇ(보증기관) HUG, HF, SGI ㅇ(보증조건) 신청일 기준 유효한 반환보증 가입자         * 단, 24.6.30. 이전 신청인에 한하여  ’24.1.1.~시행일 이전 기간에 유효한 청년?신혼부부 신청인에 한해 지원가능 ㅇ지원내용 : 청년/신혼부부_ 납부액 전액                  청년외_납부 보증료의 90%   * 단,  모든 경우에 지원액의 한도는 30만원임.",ㅇ 온라인접수 - 정부24 홈페이지 신청 ㅇ 방문접수 - 주소지 관할구청,,ㅇ 국토교통부 콜센터 1599-0001 ㅇ 다산 콜센터 02-120,연령무관,결혼 - 주거지원,서울시,https://housing.seoul.go.kr/site/main/content/sh01_061030,https://housing.seoul.go.kr/site/main/content/sh01_061030
임신,아동편의?공간지원, ,임산부 교통비 지원,"○ 임산부 1인당 교통비 70만원(바우처)을 임산부 본인 명의 신용(체크)카드에 지급 ○ 용도: 대중교통(버스,지하철 등 후불교통기능이 있는 카드에 한해서 사용가능) ,택시, 자가용 유류비 (바우처 잔액이 얼마 남지 않았을 경우 셀프주유소가 아닌 직원 직접주유 이용 권장), 철도 등 ※ 바우처 사용기한   ? 임신중인 사람: 바우처 지원일~분만예정일이 6개월이 되는 달의 말일   ? 출산한 사람: 바우처 지원일~자녀출생일(자녀주민등록일)로부터 6개월이 되는 달의 말일","○ 서울시에 거주하고 있는 임산부로, 임신 3개월~출산 후 3개월 이내 신청 가능 ※ 출산자의 경우는 출생신고 완료 된 후 신청","○ 사전준비사항    -  협약된 아래 카드사의 본인명의 카드를 소지하고 있어야 바우처 지급 가능    ? 신한카드(국민행복카드만 가능), 삼성카드, KB국민카드, 우리카드, 하나카드. BC카드(하나BC, IBK기업은행)    - 온라인?방문 신청 전, 서울맘케어 <a	target=_blank	href=https://www.seoulmomcare.com>https://www.seoulmomcare.com</a> 가입 후 양육 관련 온라인 교육(1편 이상) 이수 완료 후 신청  ○ 신청방법    - 온라인 신청    ? 임신한 사람 : ① 정부24 맘편한 임신 신청(지자체별 임신지원서비스) 후에                                  ② 서울맘케어 시스템 <a	target=_blank	href=https://www.seoulmomcare.com>https://www.seoulmomcare.com</a> 신청     ※ 정부24 맘편한임신과 몽땅정보 만능키 둘 다 신청해야 지원 가능    ? 출산한 사람 : 서울맘케어 시스템 신청 <a	target=_blank	href=https://www.seoulmomcare.com>https://www.seoulmomcare.com</a>     - 방문신청: 주소지 관할 동주민센터 신청 가능(보건소 신청 불가)    ? 신분증, 임신확인서(산부인과 발급)와 함께 본인 명의 휴대폰 또는 신용?체크카드 지참",,거주지 동주민센터 또는 다산콜센터 120,0세 ~ 1세,임신 - 아동편의?공간지원,서울시,https://www.seoulmomcare.com/notice/businessGuide.do,https://www.seoulmomcare.com/voucher/voucherReqListView.do
육아,돌봄지원, ,둘째 출산시 첫째아이 돌봄지원,둘째 자녀 이상 출산으로 기존 자녀 돌봄에 공백이 발생한 가정에서 아이돌봄서비스 이용시 본인부담금의 90~100% 환급,ㅇ 지원대상 : 둘째 이상 출산으로 12세 이하 기존 자녀 돌봄에 공백이 발생한 가정 중 아이돌봄서비스 이용자(’24.1.1. 이후 출산가정)     ※ 서울시 거주 가정(주민등록상)으로 부모(둘 중 1명 이상)와 아동 함께 거주,"ㅇ 지원서비스 : 시간제(기본형, 종합형), 영아종일제, 질병감염서비스 등 ㅇ 지원내용 : 본인부담금의 90~100%(중위소득별 차등)   - (본인부담금 지원율) 가형 100%, 나형 90%, 다형 90%, 라형 90%, 마형 90%   - (지원한도) 1가구 당 100만원 범위 내 지원  ㅇ 지원기간 : 출산 후 1년 이내 서비스 매칭일로부터 90일 기간 내 ※ 예산소진시 종료 ㅇ 신청방법 : 몽땅정보만능키 홈페이지 온라인 신청 ※ 현장 신청접수 가능   - (구비서류) 출생증명서(사전신청시 임신진단서), 주민등록등본(첫째아 확인)  ※ 신청서류 별첨     ※ 사전신청 : 임신판정일로부터 (제출서류) 출산예정일이 포함된 임신진단서 등  ㅇ 지원방법 : 본인부담금 결제 후 서비스기관에서 정산후 환급",,- 주민등록지(부모 및 자녀) 기준 서비스제공기관 (자치구 가족센터 등) 대표번호 : 1577-2514 - 다산 콜센터 02-120,0세 ~ 12세,육아 - 돌봄지원,서울시,.,.
육아,교육지원, ,서울런,서울런 가입대상에게 온라인 학습 콘텐츠 및 1:1 맞춤형 멘토링 무료 지원,"6세 ~ 24세 서울시 거주자   - 중위소득 60% 이하 (수급권자, 차상위계층, 법정한부모 가족 포함)   - 학교밖 청소년   - 북한이탈청소년 및 북한이탈주민의 자녀   - 다문화가족   - 국가보훈대상자(본인, 배우자, 자녀 ※독립유공자는 6대손까지)   - 관외 市 아동보호시설 보호아동   - 가족쉼터 보호아동   - 건강장애학생",서울시 교육지원정책과(02-2133-9278) 문의,,서울시 교육지원정책과(02-2133-9279),6세 ~ 24세,육아 - 교육지원,서울시,https://slearn.seoul.go.kr/,https://slearn.seoul.go.kr/introduction?section=0
결혼,결혼지원, ,서울시 주요시설을 활용한 결혼식 사업,공공예식장 제공 및 결혼 컨셉기획부터 예식까지 종합 서비스 지원,서울시 거주자 또는 생활권자인 (예비)부부,상담사와 사전상담 후 예식공간별 전담 플래너 업체와 종합상담을 통해 계약 ? 온라인상담예약 : 서울가족포털(패밀리서울) ‘서울시 주요시설을 활용한 결혼식’ 웹페이지 ? 전화상담 : 1899-2154 (둘(2)이 하나(1)되어 오(5)래 사(4)세요),,서울시 가족담당관(02-2133-6546),연령무관,결혼 - 결혼지원,서울시,https://familyseoul.or.kr/wedding,https://familyseoul.or.kr/wedding
육아,수당?급여, ,서울형 육아휴직장려금(사업종료),"○ 자녀 1인당 최대 120만원 지원     - 육아휴직기간 연속 6개월 시 60만원, 연속 12개월 경과 시 60만원 추가지급      ※ 부?모 모두 육아휴직 시 각각 지급 (자녀 1인에 대해 가구당 최대 240만원 지급)","○ 신청일 기준 서울시에 1년 이상 계속해서 주민등록한 자 (육아휴직 대상 자녀는 신청일 기준 서울시에 주민등록)      ※ 아래 조건 모두 충족 시    - 기준 중위소득 150%이하(서울형 육아휴직 장려금 공지사항 필독)      ※ 건강보험료 본인부담금 납부액(장기요양보험료 제외)을 기준으로 월평균 가구소득 금액 산정      <span	class='color_red'>※ 고용보험 가입 후 2023.1.1.~2023.12.31. 중 육아휴직을 시작하여 육아휴직 급여를 6개월 이상 연속 수급한 자에 한해 2024.12.15.까지 신청 가능 </span>      <span	class='color_red'>※ 2022년 또는 2024년에 육아휴직을 시작한 자는 지급 불가능</span>      <span	class='color_red'>※ 다만, 다음 경우에는 제출 서류 중 육아휴직 급여 결정 통지서를 육아휴직 확인서(2024년 12월 발급 분)으로 갈음할 수 있습니다.   가 신청자가 2024년 12월 15일 이전에 육아휴직을 종료하였으나, 육아휴직 급여 신청 이후 결정까지 시간이 소요되어 장려금 신청 시점까지 육아휴직 급여 결정 통지서를 제출할 수 없는 경우   나 신청자의 육아휴직 종료 시점이 2024년 12월 15일~12월 30일  사이여서 장려금 신청 시점까지 육아휴직 급여 결정 통지서를 발급받지 못한 경우</span>      <span	class='color_red'>※ 자치구에 따라 예산 조기 소진될 수 있음</span>",○  본 사업은 2024년 12월 31일자로 종료되었습니다.,연중,120 다산콜재단 및 동주민센터,연령무관,육아 - 수당?급여,서울시,.,.
육아,양육교육, ,다둥이 행복카드,"- 다둥이 행복카드 감면시설, 협력업체 이용시 카드 제시 또는 결제",- 서울시에 주민등록이 되어있는 2자녀 이상을 둔 가정(막내가 18세 이하),"○ 카드 유형별 구분  - 신한카드 (신용 및 체크카드) 신한카드 또는 신한은행 홈페이지, 서울지역 신한은행 영업점  - 우리카드 (신용카드) 우리카드 홈페이지, 앱 (체크카드) 서울지역 우리은행 영업점 방문  - 신분확인용 카드(앱카드) : 앱스토어에서 “서울지갑” 다운로드 후 가입, 발급앱스토어에서 “서울지갑” 검색 후 설치, 실행 → 서울지갑 회원가입 및 로그인       → ‘모바일카드’ 클릭하여 카드발급 → ‘모바일카드 관리’ 페이지에서 즐겨찾기 → 메인화면에서 ‘다둥이행복카드’ 클릭 → “다둥이행복카드” 보여주고 혜택받기","- 각 감면시설, 협력업체 이용시간 내",신용 및 체크카드(신한카드사) : 1544-7000 신용 및 체크카드(우리카드사) : 1588-9955 그외 신분용카드 : 02) 120,0세 ~ 18세,육아 - 양육교육,서울시,https://news.seoul.go.kr/welfare/archives/100261?tr_code=short,.
육아,가사지원, ,가정행복 도시락?밀키트?먹거리 할인(사업종료),"<span	class='color_blue'>다수 협력업체들의 협약종료 및 불경기 상황으로 인하여 2025. 6. 2. 쿠폰지급(5. 27. 신청마감)을 마지막으로, 가정행복 먹거리 밀키트 도시락 할인쿠폰 사업이 종료됩니다.  그동안 사업에 관심을 가져주시고 이용해주셔서 감사합니다. 좋은 사업으로 다시 돌아오겠습니다.</span>  <span	class='color_blue'>서울시 가정행복 도시락 밀키트 먹거리 할인쿠폰 협력사업은 종료됩니다만, 풀무원 측에서 당해 사업의 좋은 취지를 살려 우리 사업을 이용하시던 미성년 양육 가정에 할인 쿠폰 제공을 지속할 예정이라고 합니다.   [풀무원에서 아래와 같은 방법으로 쿠폰 수신을 유지하실 수 있음을 전달드립니다.] #풀무원 사이트(https://shop.pulmuone.co.kr/)에 회원가입하여 '마케팅 활용 동의/광고성 정보 수신동의'하신 분들을 대상으로 1년간 쿠폰 지급이 유지될 예정입니다. (마케팅 수신 및 광고성 정보 수신 미동의 혜택 제공 불가)  </span>  ※ 가정행복 도시락?밀키트?먹거리 할인지원 사업은 서울시 예산 지원 없이 협력사가 사회 공헌 차원에서 쿠폰 비용을 전액 부담하고 있는 사업입니다. ※ 신청 후 '승인대기' 상태로 보이는 것이 정상이며, 대상자에 해당하시는 경우 시스템상 승인 없이 다음달 1일(휴일인 경우 다음날) 쿠폰을 발송해드립니다.   지원 내용  ① 신선 식재료 '오아시스마켓'(https://www.oasis.co.kr/)  :  ‘3/6/9만 원 구매 시 5천/1만/1만 5천 원 할인쿠폰’ 총 4장    * 일부 타 기획전 할인쿠폰 중복 적용 가능(문자 발급 쿠폰 중복 적용 불가능)    * 오아시스마켓 배송상품 모두 사용 가능   ② 신선 식재료, 간편식, 냉동/냉장식품 '#(샵)풀무원'(https://shop.pulmuone.co.kr/)  : ‘3만/4만/8만 원 구매 시 6천/8천/2만원 할인쿠폰’ 각 1장, 총 3장    * 타 쿠폰 및 이벤트와 중복사용 불가  ③  건강한 도시락, 밀키트, 식재료 '그리팅'(https://www.greating.co.kr/)  :  ‘3만/5만 원 구매 시 7천/1만2천원 할인쿠폰’ 각 1장, 총 2장  ④  밀키트 전문 '마이셰프' (https://mychef.kr/)  : ‘2만/3만/5만 원 구매 시 3천/4.5천/7.5천원 할인쿠폰’ 각 1장, 총 3장  ※ GS편의점은 2023년 12월 말로 협약이 종료되었습니다. ※ 칙바이칙, 랭킹닭컴은 2024년 6월 말로 협약이 종료되었습니다. ※ CU, 프레시지, 허닭은 2024년 12월 말로 협약이 종료되었습니다. ※ 그리팅은 2025년 2월 말로 협약이 종료되었습니다.",서울시 거주 18세 이하 자녀 1명 이상 있는 가구(조손가구 포함) * 자녀가 2007. 1. 1. 이후 출생한 경우 신청 가능 * 부모(또는 조부모) 1명당 각각 자녀별 신청 가능,① 오아시스마켓: 문자로 받은 쿠폰 번호를 '오아시스마켓' 어플 또는 사이트에서 등록하여 사용 ② #(샵)풀무원: 문자로 받은 쿠폰 번호를 '#풀무원' 어플 또는 사이트에서 등록하여 온라인 주문 시 사용   ③ 그리팅:  문자로 받은 쿠폰 번호를 '그리팅' 어플 또는 사이트에서 등록하여 온라인 주문 시 사용 ④ 마이셰프:  문자로 받은 쿠폰 번호를 '마이셰프' 사이트에서 등록하여 온라인 주문 시 사용,"1. 신청기간: 매월 20일(휴일인 경우 다음날) 0시 ~27일 23시 59분, 선착순 접수 2. 쿠폰지급: 신청 다음달 1일, 휴일인 경우 다음날",02-120 또는 서울시 가족담당관(02-2133-6551),0세 ~ 18세,육아 - 가사지원,서울시,.,.
결혼,주거지원, ,신혼부부 임차보증금 이자 지원,- 임차보증금 대출금: 최대 3억원(임차보증금의 90% 이내) - 이자지원 금리: 최대 4.5% - 지원기간: 최장 10년(25.11.20. 부터 최장 12년) ※ 자세한 사항은 서울주거포털 공고문 참조,- 대출신청일로부터 혼인신고일 기준 7년 이내 신혼부부 혹은 6개월 이내 결혼(혼인신고) 예정인 예비신혼부부 - 부부합산 연소득 1억3천만원 이하인 자 - 본인 및 배우자 무주택자,- 서울주거포털에 접속하여 대출 추천서 발급 신청,,서울시 전월세종합지원센터 연락처 02-2133-1200~8,연령무관,결혼 - 주거지원,서울시,https://housing.seoul.go.kr/site/main/content/sh01_0400800,.
임신,임신준비지원, ,서울 난자동결 시술 비용 지원,"<span	class='color_red'> 2025년 난자동결 시술비용 지원금 예산이 모두 소진되어 현재 신규신청을 받지 않고 있습니다. 서울시는 지원에 필요한 재원을 마련하기 위해 노력하고 있으며, 준비가 되는대로 신청을 다시 안내드리겠습니다. 시민 여러분의 너그러운 양해와 관심에 감사드립니다.</span>  시술 비용의 50%, 최대 200만원 (생애 1회 지원) - 난자 채취를 위한 사전 검사비 및 시술비(보관료, 입원료, 동결 이후 진료비 등 난자채취와 상관없는 비용 제외) - 시술일 기준 1년이내 신청 지원 가능(단 2023.9.1.이후 시술자부터 지원) ※ 난자 동결  완료 후 가능하며, 난임부부시술지원 사업 등 유사사업과 중복신청 안됨","대한민국 국적을 가지며, 서울시 거주 6개월 이상인 난자동결 시술을 원하는 20~49세 여성 단, 20~29세 여성은 AMH 3.5ng/mL이하인 여성 ※ 예외기준) 20대 대상자 중 난소기능저하 유발 질환 진단을 받은 경우 난소기능수치와 상관없이 지원 - 예외기준의 경우 신청가능 여부 판단을 위해 사전 상담 필수(여성가족재단 02-3280-2049)","난자동결 시술 완료 후 시술일 기준 1년 이내 지원 신청(온라인, 몽땅정보만능키)",,"서울여성가족재단(02-3280-2049), 서울시 건강관리과(02-2133-9493)",연령무관,임신 - 임신준비지원,서울시,https://umppa.seoul.go.kr/hmpg/info/noti/bordContDetail.do?mode=W&bbs_no=1&pst_no=341A93BF7D141432E063A60221628601,https://umppa.seoul.go.kr/hmpg/bich/subf/egfr/appl/applAgreRegistForm.do
결혼,결혼지원, ,신혼부부 결혼ㆍ살림비용 지원,"ㅇ 결혼ㆍ살림 비용 최대 100만원 지원    - 결혼준비 및 혼인살림 장만 관련 비용 지출    ※ 생애 1회 지급   ? 결혼준비 : 혼수, 예식장, 신혼여행, 청첩장 등    ? 혼인살림 : 전자제품, 주방가전, 소형가전, 가구, 주방용품, 침구류 등  ㅇ 지원항목 ① 예식장, 신혼여행, 청첩장 등 ② 가전제품 : 냉장고, 세탁기, 건조기, 에어컨, 공기청정기, TV, 청소기, 전자레인지, 전기밥솥, 인덕션, 가스레인지, 정수기 등 ③ 주방?생활용품 : 냄비, 프라이팬, 칼?도마, 식기세트, 컵?그릇, 믹서기, 커피머신, 토스터기, 다리미, 빨래건조대, 침구류(이불, 베개, 커버 세트), 커튼, 블라인드 등 ④ 가구류 : 침대(매트리스), 옷장, 서랍장, 소파, 식탁, 의자, 책상, 책장, 신발장, 수납장 등    ※ 미지원 항목:스튜디오?드레스?메이크업 비용, 서울시 공공예식장 '더 아름다운 결혼식(wedding.seoulwomen.or.kr)' 결혼장려금(비품비)   ㅇ 지원요건    [거주요건] 2025.7.14. 이후 혼인(초?재혼) 신고한 부부 중 1인 이상 서울 거주      ? 신청일 이전(신청일 포함) 180일 이상 ~ 지급결정일까지 거주       ※ 생애 1회 지원, 부부 중 1명이라도 이미 지원 받은 경우 신청불가    [소득기준] 중위소득 120% 이하      ? 소득 합산 범위 : 혼인(초?재혼) 신고한 배우자와 미성년 자녀(2007년 1월 1일 이후 출생자, 가족관계증명서 제출 시 인정)         ※ 주민등록상 동일세대 여부와 무관하게 가구원에 포함      ? (2025년 월소득) 2인 4,719,190원, 3인 6,030,424원, 4인 7,317,328원         ※ 소득증명원(2024년 귀속)으로 소득금액 확인         ※ 가족관계증명서 상의 미성년 자녀의 경우 가구원 수에 포함, 태아의 경우 가구원 수에 미포함         ※ 배우자와 미성년 자녀는 주민등록상 동일세대 여부와 무관하게 가구원에 포함         ※ 몽땅정보 만능키 > 정책정보 > 소득금액증명원 소득 확인 방법 참고    [국적사항] 부부 중 1인 이상 대한민국 국민      ? 결혼한 이민자(국민의 배우자)로 외국인등록번호가 있는 자  ㅇ 지원제외    - 사실혼 부부, 지원대상자와 배우자 모두 외국인 부부    - 부부 중 1명 이상 해당 사업으로 이미 지원 받은 경우    - 서울시 공공예식장 '더 아름다운 결혼식' 결혼장려금(비품비) 지원 수혜자      ※ 더 아름다운 결혼식 wedding.seoulwomen.or.kr  ㅇ 지원규모 : 1,000가구  ㅇ 소요예산 : 1,000백만원(1,000가구 × 1백만원)   ※ 당해 년도 예산 범위 초과 시, ① 소득수준이 낮은 순 ② 빠른 신청일 ③ 혼인신고일이 빠른 가구 순으로 지원",2025.7.14. 이후 혼인 신고한 부부 중 1인 이상 서울 거주 ※ 혼인관계증명서 '혼인신고일' 기준(※ 외국에서 혼인한 경우 '증서등본제출일' 기준),"ㅇ 몽땅정보 만능키 누리집(umppa.seoul.go.kr) 신청  - 신청기간 : 2025. 10. 13.(월) 09:00 ~ 2025. 10. 24.(금) 23:59까지(12일간)  - 자격검증 및 1차 승인 : 신청일 ~ 2025. 11. 7.(금)까지    ※ 2025. 11. 6.(목)까지 보완요청 미이행 시 1차 승인에서 제외  - 거주확인 및 지급결정 : 2025. 11. 17.(월) ~ 2025. 11. 18.(화)까지   - 지원금 지급시기 : 2025. 12월 중   ㅇ 행정정보공동이용 및 제출서류를 통해 지원자격 검증  - 제출하지 않아도 되는 구비서류 : 주민등록표 등?초본, 소득금액증명원  - 제출해야 하는 구비서류   ①  혼인관계증명서(※ 접수증 불인정, 혼인관계증명서 미제출시 신청불가) ②  배우자의 행정정보 공동이용 사전동의서(위임장 및 배우자의 신분증 사본 포함) ③ 카드 영수증(매출전표) 또는 현금 영수증 필수 제출(※단, 지원항목이 확인되지 않을 경우 지원항목이 기재된 구매내역서 등 추가 제출) ④ 가족관계증명서(자녀가 있을 경우, 가족관계증명서에서 주민등록번호 뒷자리 공개) ⑤ 신청인이 외국인인 경우 외국인등록 사실증명서(※ 서울 거주요건 확인) 등    ※ 구매 영수증은 신청일 이전 1년 이내~신청일 발급분까지 유효   ※ 행정정보공동이용을 통해 지원자격에 필요한 정보가 확인되지 않을 경우 구비서류 제출을 요구할 수 있음   ※ 소득금액증명(2024년 귀속)이 아직 ‘신고확정(결정)’ 처리 중인 경우에는 소득금액 확인이 불가능하므로, 지원이 제한됨  ㅇ 지원금 지급안내 : 2025. 12월 중 신청일 기준 신청자의 거주지 자치구청에서 개별 통보",,02-120,연령무관,결혼 - 결혼지원,서울시,.,.
육아,수당?급여, ,서울형 아이돌봄비 지원,"영아를 키우는 가정에서 조부모(4촌 이내 친인척 포함)가 영아를 돌보는 경우 또는  서울시에서 지정한 민간기관의  아이돌봄서비스를 이용 시 돌봄 비용을 지원(택1)하여 가정의 양육부담 경감  ① 친인척 조력자 아이돌봄비 : 조부모(4촌이내 친인척 포함) 중 1명이 손자녀(조카) 돌봄수행시 지원    ※ 타 시도에 거주하는 조부모(4촌 이내 친인척 포함)도 가능 ② 민간 아이돌봄 서비스 이용권 지원(민간 기관 이용시에도 월 20~40시간 이상 이용시 지원 가능, 개인부담금 발생될 수 있으니 유의바랍니다.)   ○ 맘시터 프로케어 : www.mom-sitter.com/pro/parent/seoul, ☏ 02-2135-1384   ○ 자란다 : www.jaranda.kr/seoul, ☏ 02-574-0128   ○ 우리동네돌봄히어로 : www.woorihero.com, ☏ 02-6232-0323","아래 조건 모두 충족시 지원  1. 부모 및 아동(24개월 ~ 36개월)이 주민등록상 서울시 거주    - (예시) ’22.10월생 : ’24.10.1~’25.10.31.까지 이용 및 지원 가능(월 기준으로 지원, ‘25. 10월이 36개월이 되는 달이므로, ’25.10월 말일까지 돌봄활동 가능)    - 아이와 부 또는 모의 주소가 같아야 함 2. 소득기준 중위소득 150%이하(맞벌이 가정은 부부 합산소득의 25% 경감)    ※ 2025년 기준 중위소득 150% 가구원수별 소득기준(월소득금액 기준, 세전)        - ~3인 : 7,539천원, 4인 : 9,147천원, 5인 : 10,663천원 3. 맞벌이, 한부모, 다자녀 등 양육 공백 가정","1. 신청(매월 1~15일) : 아동이 23개월부터 신청 가능     단, 기존에 정부지원 아이돌봄서비스 자격 판정이 없는 경우 매월 15일 이전에 정부지원 아이돌봄서비스를 신청한 경우만  해당 신청에 적용처리 가능함 「신청서류」 ? (공통) 사회보장급여(아이돌봄서비스) 결정 결과(당해년도 발행분)       ▶ 자격 판정 결과 가구유형 가~다형(중위소득 150%이하)까지 신청가능         ※ 사회보장급여 결정 결과 확인 방법        ① 신규 이용자 : 복지로(www.bokjiro.go.kr)에서 에서 서비스 신청> 복지급여 신청> (영유아)아이돌봄서비스(시간제) 신청 후 판정결과 통보(1주일 내외 소요)             → 판정결과(문자, SNS, 메일 등) 캡처         ② 기존 이용자 : 아이돌봄서비스(https://www.idolbom.go.kr) 홈페이지 > 마이페이지 > 회원정보 아동정보           → 판정 결과가 나와 있는 아동 정보 캡처       (친인척 조력자 신청 시) 아동과 4촌 이내의 친인척임을 확인할 수 있는 가족관계증명서 1부, 수급자 통장사본 1부        ※ 아이돌봄비 수급자은 신청한 부모 또는 조부모(4촌 이내 친인척 포함) 중 선택 가능함.              단, 서울시민인 경우만 수급자(돌봄비 입금 계좌)로 등록 가능  2. 자격확인 및 대상선정(매월 25일까지, 자치구)  3. 돌봄활동 사전 조치(돌봄 이용 전월 말까지)   - 친인척 조력자 아이돌봄비 : 조력자 만능키 회원 가입 및 사전교육 이수    ※ 공지사항 14번 “최종승인 후 해야할 일” 참고 또는 공지 “서울형 아이돌봄비” 교육 동영상>기본교육 2 (러닝타임:8분) 참고     - 민간 아이돌봄 서비스 : 민간 아이돌봄 서비스 기관 선택 및 회원가입      4. 돌봄 활동 또는 민간 서비스 이용(돌봄 이용 월)     - 돌봄 활동은 평일, 주말 및 공휴일에 진행시에도 1일 4시간까지 인정 가능        ※ 주말 및 공휴일 돌봄활동 시에는 야간돌봄시간(22~6시)을 제외한 모든 시간대 내에서 최대 4시간 인정        ※ 어린이집을 다니는 아동의 경우 기본보육시간(9~16시)에는 돌봄활동 시간 불인정  5. 돌봄비 지원(익월 20일)    - 친인척육아조력자형 :  돌봄활동(이용) 기본시간(40시간) 충족시 지원     ※ 영아1명 월30만원, 영아 2명 월45만원, 영아 3명 월60만원     ※ 해당 월 정부지원 아이돌봄 서비스 미 이용 확인 후 지원    - 민간형 : 월 20~40시간 이상 이용시 충족시 실 이용시간에 비례하여 지원                      단, 월 최대한도 시간만큼 이용하지 못하더라도 다음 달로 이월 불가, 월 최소 이용 20시간 충족시 지원 가능    - 돌봄 아동수 별 시간당 지원액(월 지원액 범위)             영아 1명 : 시간당 7,500원 (월 15~30만원 지원)             영아 2명 : 시간당 11,250원(월 22.5~45만원 지원)             영아 3명 : 시간당 15,000원(월 30~60만원 지원)            ※ 해당 월 정부지원 아이돌봄 서비스 미이용 확인 후 지원",「친인척 돌봄활동 유의사항」 1. 친인척의 과도한 육아부담 방지를 위해 일 4시간까지만 돌봄 활동 시간으로 인정함     ※ (예시) 돌봄 시작 시간 : 17시 / 돌봄 종료 시간 : 22시        ⇒ 총 돌봄 인정 시간 = 5시간(시작-종료시간) - 1시간(일 상한 초과 시간) = 4 시간  2. 심야시간(22~06시)은 돌봄 인정시간에서 제외됨  3. 보육료 지원대상(어린이집 이용 아동)의 경우 돌봄활동 시간에서 기본보육시간 (9시~16시)을 공제 후 돌봄시간을 산출함     ※ (예시) 돌봄 시작 시간 : 8시 / 돌봄 종료 시간 : 19시         ⇒ 총 돌봄 인정 시간 = 11시간(시작-종료시간) - 7시간(기본보육시간) = 4 시간  4. 어린이집 등원/하원 시 한번만 돌봄활동으로 시작/종료 QR를 체크할 수 없는 경우      - 등원시에만 돌봄 : 돌봄 시작 시간(QR체크) ~ 9시까지만 인정      - 하원시에만 돌봄 : 16시~ 돌봄 종료 시간(QR체크)까지만 인정  5. 주말/공휴일 돌봄활동시 반드시 시작/종료 QR를 체크해야 함,다산콜센터 02-120 모니터링     02-810-5158 자치구 서울형 아이돌봄비 담당부서 종로구청	02-2148-2994 중구구청	02-3396-5432 용산구청	02-2199-7173 성동구청	02-2286-6878 광진구청	02-450-7554 동대문구청	02-2127-5082 중랑구청	02-2094-1794 성북구청	02-2241-2588 강북구청	02-901-6705 도봉구청	02-2091-3144 노원구청	02-2116-3741 은평구청	02-351-6226 서대문구청	02-330-3840 마포구청	02-3153-8925 양천구청	02-2620-3385 강서구청	02-2600-6765 구로구청	02-860-3016 금천구청	02-2627-1429 영등포구청	02-2670-1623 동작구청	02-820-9236 관악구청	02-879-6134 서초구청	02-2155-6685 강남구청	02-3423-5853 송파구청	02-2147-2788 강동구청	02-3425-5786,2세 ~ 3세,육아 - 수당?급여,서울시,.,https://umppa.seoul.go.kr/hmpg/reca/care/sesu/appl/applSelfRegistForm.do
결혼,결혼지원, ,"청년 1인가구 소셜다이닝, 건강한 밥상(사업종료)","청년 1인가구 대상 조리도구 사용법, 재료 고르는 법 등 기초 중심의 요리교실 및 소통 프로그램 운영 ㅁ 운영자치구 : 동대문구, 은평구, 금천구, 영등포구, 강동구    ※ 타자치구 거주자도 신청 가능합니다.",서울시 거주 또는 생활권인 청년(19~39세) 1인가구,온라인 신청    - 서울시 1인가구 포털(1in.seoul.go.kr) > 지원사업 신청 > '건강한 밥상' 조회 후 원하는 프로그램 선택하여 신청,,자치구별 담당부서    - 동대문구 : 070-7459-3301    - 은평구 : 070-7492-7903    - 금천구 : 02-2627-1467      - 영등포구 : 02-2670-1650    - 강동구 : 02-479-1179,연령무관,결혼 - 결혼지원,서울시,.,.
출산,급여?바우처, ,자녀출산 무주택가구 주거비 지원,최대 월 30만원 주거비 지원(2년간 총 최대 720만원),"※ 지원요건 등 자세한 사항은 모집공고문을 참고해주시기 바랍니다. (몽땅정보만능키 상단 메뉴 중 '정보마당' - '공지사항' - 2025년 하반기 「자녀출산 무주택가구 주거비 지원사업」 신청자 모집 공고')  자격요건 <1> 기본 자격요건   ① 2025.1.1.이후 출산가구    ※입양아는 공고일 기준 출생일로부터 48개월 이하인 아동 ② 공고일 기준 신청자(부 또는 모) 서울시 거주 및 신청자와 자녀 동일 주소    ※부 또는 모 중 한 명 이상은 대한민국 국민이어야 함 ③ 자녀 서울시 출생신고 ④ 출산 후 1년 이내 신청 ⑤ 기준 중위소득 180% 이하 ⑥ 출산가구 대상 주거 관련 정부 및 서울시 정책 수혜자 제외    - 국토부 : 신혼부부전용 전세자금 대출, 신생아 특례 버팀목대출, 청년전용 버팀목전세자금대출, 버팀목 전세자금대출 등     - 서울시 : 청년 및 신혼부부 임차보증금 이자지원, 청년안심주택 임대보증금 지원, 기초생활수급자 주거급여 등  <2> 주거요건 ① 공고일 기준 부, 모 모두 무주택일 것 ② 공고일 기준 공공임대주택 미거주자일 것   ※(SH) 장기전세주택, 청년안심주택 등, (LH) 행복주택, 국민임대 등, 공무원 임대주택 불가   ※단, 공공임대주택 중 민간임대인 경우 신청 가능 ③전세보증금 3억원 또는 보증금 월세 환산액과 월세액을 합산하여 130만원 이하(전월세전환율 5.5% 기준, 만원단위 절사, 주택면적 전용 85㎡ 이하)   ※전세보증금 이자 납부 또는 월세 납부가 있는 경우에만 신청가능  준비서류  - 확정일자 날인된 임대차계약서 전체 사본  - 금융거래확인서, 월세 이체증(해당하는 경우)  - 청약홈 주택소유현황(부, 모 모두 제출)   - 가족관계증명서(부, 모 모두 제출)",몽땅정보 만능키 홈페이지에서 신청 2025. 8. 1. ~ 2025. 10. 31.,,"서울시 여성가족재단(1533-1465), 다산콜센터(120), 서울시 저출생담당관(02-2133-5025)",연령무관,출산 - 급여?바우처,서울시,.,.
육아,돌봄지원, ,질병감염 아동돌봄 서비스,"유치원, 초등학교 등 시설 이용 아동이 전염성 및 유행성 질병 감염 등에 의해 불가피하게 가정양육이 필요한 경우 아이돌보미가 돌봄장소에 직접 찾아가 돌봄 서비스 제공  ※ 정부지원 아이돌봄 서비스는 서울형 아이돌봄비(조부모 돌봄수당 등)와 별개의 사업   - 서울형 아이돌봄비(조부모 돌봄수당 등) 사업에 대한 안내를 원하시면 몽땅정보만능키 누리집 > 출산육아정책 > 공지사항 17번 “[필독] 서울형 아이돌봄비 사업 안내”를 확인","법정 감염병 및 유행성 질병에 감염된 만 12세 이하 사회복지시설, 유치원, 초등학교, 보육시설 등 이용 아동","(일반신청) 시간제, 영아종일제 신청 방법과 동일 (긴급신청) 서비스제공기관(자치구 가족센터 등) 안내에 따라 서비스 이용 * 증빙서류 : 시설 미이용 확인서, 진단서 등",제한없음,가까운 서비스제공기관(자치구 가족센터 등) 연결(1577-2514),0세 ~ 12세,육아 - 돌봄지원,서울시,https://www.bokjiro.go.kr/ssis-tbu/twataa/wlfareInfo/moveTWAT52011M.do?wlfareInfoId=WLF00000024,https://www.bokjiro.go.kr/ssis-tbu/twataa/wlfareInfo/moveTWAT52011M.do?wlfareInfoId=WLF00000024
육아,일자리지원, ,서울시 중소기업 워라밸 포인트제,양육친화 및 일?생활 균형을 위한 중소기업의 다양한 노력을 인정하고 중소기업이 아이 키우기 좋은 기업으로 성장할 수 있도록 지원하는 사업 ① 양육친화 및 일?생활 균형 실적에 따른 포인트 적립 ② 적립 포인트에 따른 등급 부여 및 등급별 인센티브 제공,"서울시 내 중소기업 - ?중소기업기본법? 제2조에 따른 중소기업 - 공고일 기준 본사, 주사무소 또는 사업장 중 어느 하나가 서울시 내 소재한 기업   ※ 신청제한 : 국세 또는 지방세 체납, 임금체불, 고용보험 미가입, 그 밖에 사회적 물의를 일으킨 경우, 기타 서울시 중소기업 워라밸 포인트제 사업목적과 취지에 맞지 않는다고 판단되는 기업 등",서울시 중소기업 워라밸 포인트제' 누리집(https://pointseoul.or.kr/)에서 온라인 신청 ※ 그 밖의 세부사항 누리집 참조,,"신청?접수 포인트 산정 : 서울시여성가족재단 저출생대응사업실 일?생활균형사업팀 (☎ 02-810-5214, 5230, 5211) 사업내용, 인센티브 등 : 서울특별시 저출생담당관 (☎ 02-2133-5052)",연령무관,육아 - 일자리지원,서울시,https://pointseoul.or.kr/,.
출산,수당?급여, ,1인 자영업자 등 임산부 출산급여 지원,1인 자영업자 등 임산부 출산급여  90만원 지원 - 1인당 출산급여 240만원 보장 = <고용노동부>고용보험 미적용자 출산급여 150만원 지원 + <서울시> 90만원 지원(※ 다태아 170만원)  유?사산 산모는 임신기간에 따라 아래와 같이 차등지원  - (임신기간 ~ 15주) 단태아 18만원 다태아 66만원 - (임신기간 16주~21주) 단태아 30만원 다태아 110만원 - (임신기간 22주~27주) 단태아 60만원 다태아 140만원 - (임신기간 28주 이상) 단태아 90만원 다태아 170만원,지원대상 출산(유?사산)한 1인 자영업자 및 프리랜서 등 임산부  자격요건 ① 고용노동부 ‘고용보험 미적용자 출산급여’ 수혜자 ② 신청일 기준 서울시 거주 및 자녀 서울시 출생신고 ③ 출산일로부터 1년 이내 신청  준비서류 ① 고용보험 미적용자 출산급여 지급결정통지서(직인 포함) 필수  ※ 발급방법 (문의 대표전화 국번없이 1350)   - 고용24(https://work24.go.kr) 인터넷 발급   * 고용24 마이페이지 → 1. 민원신청 현황 조회 클릭 → 2. 급여신청서 상세화면에서 스크롤 내리기 →  3. 하단 화면에서 통지서 출력 버튼 클릭  - 관할관서 방문 ★ 관서 찾기 https://www.moel.go.kr/minwon/rigion/rigion_C1.do  　  ② 가족관계증명서 ※ 발급방법   - 전자가족관계등록시스템 인터넷 무료발급 https://efamily.scourt.go.kr   처리기간 : 14일(지급결정 후 급여 지급일 개별안내),"몽땅정보 만능키 온라인 신청만 가능  ※ 유의사항  부정수급 모니터링(고용노동부 고용보험 미적용자 출산급여 수혜자 대상) ① (고용노동부) 거짓이나 그 밖의 부정한 방법으로 고용보험 미적용자 출산급여를 청구?지급받은 경우 제제부가금 부과?징수 등 공공재정환수법에 따라 환수 ② (서울특별시) 고용노동부 고용보험 미적용자 출산급여를 부정수급한 경우 제제부가금 부과?징수 등 공공재정환수법에 따라 환수  <span	class='color_blue'> ※ 서울시 1인 자영업자 등 임산부 출산급여를 거짓이나, 그밖의 부정한 방법으로 지급 받았거나 지급 받으려 하는 등 부정 수급 행위가 확인 된 경우  「공공재정 부정청구 금지 및 부정이익 환수 등에 관한 법률」에 의거하여 지급된 급여가 환수 될 수 있으며 최대 5배의 제재부가금이 부과될수 있습니다.</span>",,① 다산콜센터(02-120)  ② 접수 및 지급관련 문의 1	강남구	보육지원과	02-3423-5857 2	강동구	가족정책과	02-3425-5782 3	강북구	여성가족과	02-901-6705 4	강서구	출산보육과	02-2600-5273 5	관악구	여성가족과	02-879-6133 6	광진구	가정복지과	02-450-7079 7	광진구	가정복지과	02-450-7568 8	구로구	가족보육과	02-860-3016 9	금천구	가족정책과	02-2627-1417 10	노원구	가족정책과	02-2116-3722 11	도봉구	가족정책과	02-2091-3143 12	동대문구	가족정책과	02-2127-4254 13	동대문구	가족정책과	02-2127-4253 14	동작구	영유아보육과	02-820-9606 15	동작구	영유아보육과	02-820-9731 16	마포구	건강동행과	02-3153-9072 17	서대문구	가족정책과	02-330-3841 18	서초구	여성보육과	02-2155-6694 19	성동구	영유아과	02-2286-6877 20	성북구	여성가족과	02-2241-2584 21	성북구	여성가족과	02-2241-2583 22	송파구	여성보육과	02-2147-2791 23	양천구	보육정책과	02-2620-4835 24	양천구	보육정책과	02-2620-4848 25	영등포구	보육지원과	02-2670-3352 26	영등포구	보육지원과	02-2670-3362 27	용산구	가족정책과	02-2199-7175 28	용산구	가족정책과	02-2199-7174 29	은평구	가족정책과	02-351-6222 30	종로구	아동복지과	02-2148-2995 31	중구	가족정책과	02-3396-5434 32	중랑구	보육지원과	02-2094-1793,연령무관,출산 - 수당?급여,서울시,.,https://umppa.seoul.go.kr/hmpg/self/preg/appl/applSelfRegistForm.do
출산,수당?급여, ,1인 자영업자 등 배우자 출산휴가급여 지원,1인 자영업자 등에 배우자(남편) 출산휴가급여 최대 80만원(10일분) 지원   ㅇ 지원대상에 대한 자격요건 완화(2025. 6. 5.)     - (주소지) 서울시 거주 대상에 대해 완화(지원대상자 본인과 출산자녀)하여 지원    - (소재지) 프리랜서 등과 같이 1인 자영업자도 사업장 소재지 무관하게 지원,"신청일 기준 서울시 거주 배우자(출생한 자녀의 아빠) 출산휴가를 사용한 1인 자영업자ㆍ노무제공자ㆍ플랫폼종사자ㆍ예술인ㆍ프리랜서 등  ※ 지원제외자  ? 유사 사업 수혜자 ‘배우자 출산휴가급여’(고용노동부)   ? 지원대상자와 배우자, 출산자녀 모두 외국인인 경우  ? 부동산 임대사업자(부동산임대 관련한 소득활동은 불인정)    * 다만, 1개의 사업자등록증에 부동산 임대업 외 타 업종이 있는 경우 지원신청 가능  1인 자영업자 등 이란? ? 「근로복지기본법」제95조의2제1항제2호에 따른 '1인 자영업자'  ? 「산업재해보상보험법」제91조의15의 적용을 받는 '노무제공자' 및 '플랫폼 종사자'  ? 「예술인복지법」제2조제2호에 따른 '예술인'으로「예술인복지법」제4조의4에 따른 문화예술용역 계약을 체결하고, 다른 사람을 사용하지 않고 자신이 직접 노무를 제공하는 사람  ? 「서울특별시 노무제공자 및 프리랜서 권익보호와 지원에 관한 조례」제2조에 따른 '프리랜서'  ? 기타 고용보험 수급요건 미충족 근로자, 고용보험법 적용제외 사업의 근로자, 고용보험 미성립사업장의 미가입근로자","ㅇ 신청방법 : 몽땅정보 만능키(https://umppa.seoul.go.kr) 온라인 신청만 가능 ㅇ 신청자격  ① 배우자가 출산한 날부터 90일 이내에 배우자(출생한 자녀의 아빠) 출산휴가* 사용자 ② 배우자 자녀 출산 및 서울시 출생신고 ③ 신청일 기준 지원대상자, 출생자녀 주민등록상 서울시 거주   ※ 사실혼, 결혼이민자(비자 F-5-2, F-6) * 다문화가정 ㅇ 지급요건 : 출산일 이전 18개월 중 3개월 이상 소득활동(고용보험 적용 근로소득 활동 제외)이 있는 자 ㅇ 신청시기 : 배우자 출산휴가 휴가가 끝난 날 이후 12개월 이내  ㅇ 처리기간 : 14일(지급결정 후 급여 지급일 개별안내)   * 배우자 출산휴가 사용   - 배우자 출산한 날로부터 90일 이내 배우자 출산휴가를 사용   - 배우자 출산한 날로부터 90일 지나면 배우자 출산급여 신청불가   - 1회에 한정 분할 사용 가능  ※ 배우자 출산휴가 분할사용시 마지막 출산휴가 사용시 일괄 신청(분할 신청 불가)  ※ 만일 분할사용으로 인해 10일 중 일부만 사용한 경우에도 나머지 휴가를 출산한 날부터 90일 이내에 사용해야 함  ※ 배우자 출산휴가 기간 중(토?일요일, 법정 공휴일 등)이 포함된 경우 휴일 일수에 미산입 ㅇ 지원자격 확인 방법 : 행정정보공동이용을 통해 지원자격 검증 ※ 제출하지 않아도 되는 구비서류(7종) 부가가치세과세표준증명, 부가가치세면세사업자수입금액증명, 사업자등록증명, 소득금액증명, 주민등록표 등?초본, 고용보험피보험자격이력내역서(상용), 건강보험자격득실확인서 ※ 제출해야 하는 구비서류  가족관계증명서, 거주자의 사업소득 원천징수영수증/거주자의 사업소득지급명세서(사업장에서 발급 ★ 직인날인), 간이지급명세서(거주자의 사업소득)(사업장에서 발급 ★ 직인날인), 사용증명서(근로기준법 39조), 노무제공자?예술인 표준계약서, 용역계약서, 이체확인증, 고용·산재보험 자격 이력 내역서(노무제공자 및 예술인) 등  ★ 노무제공자 및 예술가 고용·산재보험 자격 이력 내역서 발급안내  고용산재보험 토탈서비스(https://total.comwel.or.kr) > 개인 > 로그인(노무제공자. 예술인) > 고용·산재보험 자격 이력 내역서 발급  ※ 행정정보공동이용을 통해 지원자격에 필요한 정보가 확인되지 않을 경우 필요서류 제출을 요청할 수 있습니다. ㅇ 지급방법 : 지원대상 계좌로 이체   ※ 지원대상 계좌로 지급하는 것이 원칙이나 예외적으로 압류방지계좌만 보유, 채무불이행으로 금전채권 압류 등 제3자 계좌로 지급   - 온라인으로 신청한 후 대리수령 신청서 구청방문 제출(제3자 계좌 등록) ㅇ 지급결정 : 서울톡 ? 문자   - 신청결과, 지원대상이 아닌 경우 부적격 사유, 지원금 지급 등 안내  <span	class='color_blue'> ※ 서울시 1인 자영업자 등 배우자 출산휴가급여를 거짓이나, 그밖의 부정한 방법(휴가 미사용, 과다청구, 서류 허위 작성 및 제출, 유사 사업에 의해 출산휴가급여 기 지급자 등) 으로 지급 받았거나 지급 받으려 하는 등 부정 수급 행위가 확인 된 경우  「공공재정 부정청구 금지 및 부정이익 환수 등에 관한 법률」에 의거하여 지급된 급여가 환수 될 수 있으며 최대 5배의 제재부가금이 부과될수 있습니다.</span>",,① 다산콜센터(02-120)  ② 접수 및 지급관련 문의 1	강남구	보육지원과	02-3423-5857 2	강동구	가족정책과	02-3425-5782 3	강북구	여성가족과	02-901-6705 4	강서구	출산보육과	02-2600-5273 5	관악구	여성가족과	02-879-6133 6	광진구	가정복지과	02-450-7079 7	광진구	가정복지과	02-450-7568 8	구로구	가족보육과	02-860-3016 9	금천구	가족정책과	02-2627-1417 10	노원구	가족정책과	02-2116-3722 11	도봉구	가족정책과	02-2091-3143 12	동대문구	가족정책과	02-2127-4254 13	동대문구	가족정책과	02-2127-4253 14	동작구	영유아보육과	02-820-9606 15	동작구	영유아보육과	02-820-9731 16	마포구	건강동행과	02-3153-9072 17	서대문구	가족정책과	02-330-3841 18	서초구	여성보육과	02-2155-6694 19	성동구	영유아과	02-2286-6877 20	성북구	여성가족과	02-2241-2584 21	성북구	여성가족과	02-2241-2583 22	송파구	여성보육과	02-2147-2791 23	양천구	보육정책과	02-2620-4835 24	양천구	보육정책과	02-2620-4848 25	영등포구	보육지원과	02-2670-3352 26	영등포구	보육지원과	02-2670-3362 27	용산구	가족정책과	02-2199-7175 28	용산구	가족정책과	02-2199-7174 29	은평구	가족정책과	02-351-6222 30	종로구	아동복지과	02-2148-2995 31	중구	가족정책과	02-3396-5434 32	중랑구	보육지원과	02-2094-1793,연령무관,출산 - 수당?급여,서울시,.,https://umppa.seoul.go.kr/hmpg/self/spou/appl/applSelfRegistForm.do
출산,수유지원, ,서울맘 찾아가는 행복 수유 지원(사업종료),1:1 찾아가는 모유수유 전문가 관리 서비스 지원,서울시 거주 출산 후 8주 이내 모유수유 희망 모든 임산부,서울시 임신출산정보센터(사이트) 온라인 신청,,주소지 보건소 사업담당,0세 ~ 1세,출산 - 수유지원,서울시,https://seoul-agi.seoul.go.kr/breast-feeding,https://seoul-agi.seoul.go.kr/breast-feeding
육아,가사지원, ,서울형 가사서비스,신청기간 : 25.1.20.(월) 9시~예산소진 시 까지 사업내용 : 1 가정당 연 70만원 상당 바우처를 신용(체크)카드에 지급,"서울거주 중위소득 180%이하 중 12세이하 자녀가 있는 임산부?맞벌이?다자녀 가정 - 임산부 : 임신3개월~출산 후  1년이내 - 맞벌이 : 12세이하 자녀를 양육하는 맞벌이 가정 - 다자녀 : 18세이하 자녀가 2자녀 이상(단, 12세이하 자녀가 반드시 1명이상 있어야 함)",서울맘케어(www.seoulmomcare.com)통해 온라인 신청,개별문의,02-120,연령무관,육아 - 가사지원,서울시,https://www.seoulmomcare.com/,https://www.seoulmomcare.com/
출산,급여?바우처, ,산모?신생아 건강관리 본인부담금 신청,". 저소득층(기초생활수급자 또는 차상위 계층)      → 본인부담금 90% 지원 (산후조리경비에서 50만원         지원 후 잔여액 지원) .  비혼모(기준 중위소득 150% 이하, 표준까지 지원)    → 본인부담금 90% 지원(산후조리경비에서 50만원         지원 후 잔여액 지원)",산모신생아 건강관리 바우처를 이용한 저소득 산모 및 비혼산모,"산모신생아 건강관리 서비스를 받은 후 증빙서류(소득, 비혼 출산증명) 구비하여 주소지 보건소에 신청",,주소지 보건소 산모신생아 담당,0세 ~ 1세,출산 - 급여?바우처,서울시,.,.
육아,양육교육, ,양육코칭센터,"- 떼쓰기부터 또래 관계까지 양육의 어려움을 맞춤으로 도와주는 서비스 - 셀프점검 코칭, 영상관찰 코칭, 종합코칭 솔루션 제공",서울시 거주 영유아 양육자,양육 코칭 센터 홈페이지에서 이용 가능,,02-772-9814~9,0세 ~ 7세,육아 - 양육교육,서울시,http://sccic-pc.kr/,http://sccic-pc.kr/
육아,수당?급여, ,한부모가족복지시설 퇴소자 자립 강화,"생활인(입소자) 지원 및 시설(25개소) 운영지원, 퇴소자 자립정착금 인상",소득인정액 기준 중위소득 100% 이하 무주택 한부모,서울시 가족담당관(02-2133-6564) 문의,,서울시 가족담당관(02-2133-6564),연령무관,육아 - 수당?급여,서울시,.,.
육아,돌봄인프라, ,어린이집 석식 지원,주 20시간(일4시간) / 보육도우미 인건비 100% 지원,석식지원 시범 야간연장보육어린이집 재원 아동,"어린이집 130개소 선정, 지원 중",19시 이전 석식 제공,서울시 영유아담당관(02-2133-5109),0세 ~ 5세,육아 - 돌봄인프라,서울시,https://iseoul.seoul.go.kr,.
육아,일자리지원, ,우먼업 구직지원금,"3040 경력보유여성에게 월 30만원, 3개월(최대 90만원, 취창업성공금 포함) 지원하여 구직활동 장려",서울시 경력단절여성,공고문에 따른 접수,,1660-3040,연령무관,육아 - 일자리지원,서울시,https://www.seoulwomanup.or.kr,.
육아,일자리지원, ,우먼업 인턴십,인턴십 참여자 인건비 지급(생활임금*최대 3개월),서울시 경력단절여성,공고문에 따른 접수,,1660-3040,연령무관,육아 - 일자리지원,서울시,https://www.seoulwomanup.or.kr,.
육아,돌봄인프라, ,국공립어린이집,국공립어린이집 확충과 품질개선 통해 공보육 인프라 강화,6세 미만의 취학 전 아동 * 필요한 경우 만12세까지 보육 가능(영유아보육법 제27조),어린이집 입소 신청 및 등록,07:30~19:30,서울시 영유아담당관(02-2133-5101),0세 ~ 6세,육아 - 돌봄인프라,서울시,https://iseoul.seoul.go.kr/portal/info/chart.do,.
결혼,결혼지원, ,결혼 공감 토크 콘서트(사업종료),청년세대 대상으로 달라진 결혼 가치관에 대한 사회적 공감대 형성과 고민을 나누고 결혼에 대한 긍정적 메시지 전달?확산을 위한 콘서트 개최,2030 청년세대,연애?결혼 등 관련 주제를 선정하여 토크 콘서트 개최,본 사업은 종료되었습니다.,서울특별시 1인가구지원과 02)2133-6157,연령무관,결혼 - 결혼지원,서울시,https://blog.naver.com/dakhosa/223240989132,.
육아,생활지원, ,서울시 엄마 북(Book)돋움 사업,"엄마 북(Book)돋움 책꾸러미 상자 배송 - 구성 : 엄마아빠 책 1권 + 우리아이 첫 책 2권 + 시 육아정책정보     ▶ 엄마아빠 책 : 예비부모에게 도움이 되는 영아 육아정보서(우리아이 성장과 발달, 식생활과 놀이생활 등 미리 알아두면 좋은 정보도서)     ▶ 우리아이 첫 책 : 임신 중 태교를 위한 그림책이자, 출산 후 아이와의 소통을 촉진하는 읽어주기용 그림책     ▶ 시 육아정책정보 : 탄생응원 서울 프로젝트 등 임신 육아 관련 정보",서울시 거주 임산부(임신 3개월 ~ 출산 3개월),"ㅇ 임산부    - 임산부 교통비 지원 신청 시, ‘엄마 북돋움‘ 사업도 함께 신청 ㅇ 그 외(시스템 이용이 불가한 경우)   - 교통비를 지원받지 못한 임산부, 조손가정, 父子가정 등은 서울도서관에서 별도 이메일 신청   - 서울도서관 :  https://lib.seoul.go.kr/bbs/content/3_62822  ㅇ 유의사항   - 교통비와 책상자를 같이 신청하신 경우 교통비 지급일로부터 3주 이내에 발송됨   - 배송지 및 연락처 정보를 오기입한 경우 반송 등 배송이 제한될 수 있음   - 쌍둥이의 경우, 신청 후 서울도서관으로 연락 필요",,서울도서관 독서문화진흥과(02-2133-0224) - 자세한 내용은 서울도서관 누리집에서 확인 가능합니다.,0세 ~ 1세,육아 - 생활지원,서울시,https://lib.seoul.go.kr/rwww/html/ko/bookUp.jsp,https://www.seoulmomcare.com/main/main.do
육아,돌봄인프라, ,주말어린이집,토요일 및 일요일에 보육서비스 제공,"6개월 이상 7세 이하 미취학 영유아(부모 또는 조부모 중 한 명 이상이 서울시에 거주하거나, 부모의 직장이 서울시인 경우)",이용 1일전까지 서울시보육포털서비스에서 신청(긴급 시 당일 방문?유선접수 가능),"토요일 및 일요일 09:00~18:00(단, 1.1., 설?추석연휴 제외)",서울시 영유아담당관(02-2133-5116),0세 ~ 7세,육아 - 돌봄인프라,서울시,https://iseoul.seoul.go.kr/portal/reservation/wkendInfo.do,https://iseoul.seoul.go.kr/portal/reservation/wkendList.do
