"통계연도","자치구코드","자치구명","구분","구분명","소계","아동수_국공립","아동수_사회복지법인","아동수_법인단체등","아동수_민간","아동수_가정","아동수_부모협동","아동수_직장"
"2025","11410","서대문","2","아동현원수","4187","2461","0","5","1032","406","0","283"
"2025","11740","강동","3","정원충족률","75.88%","79.69%","65.52%","94.4%","66.65%","83.72%","65.%","77.8%"
"2025","11740","강동","2","아동현원수","9346","5178","57","118","2624","1023","13","333"
"2025","11740","강동","1","아동정원수","12317","6498","87","125","3937","1222","20","428"
"2025","11710","송파","3","정원충족률","76.97%","80.43%","50.%","50.5%","72.21%","87.48%","0.%","66.12%"
"2025","11710","송파","2","아동현원수","10472","5351","14","101","2495","1432","0","1079"
"2025","11710","송파","1","아동정원수","13605","6653","28","200","3455","1637","0","1632"
"2025","11680","강남","3","정원충족률","63.52%","67.96%","0.%","0.%","67.38%","69.44%","55.1%","48.58%"
"2025","11680","강남","2","아동현원수","6579","3935","0","0","1126","359","27","1132"
"2025","11680","강남","1","아동정원수","10357","5790","0","0","1671","517","49","2330"
"2025","11650","서초","3","정원충족률","66.64%","70.08%","0.%","82.18%","68.12%","83.72%","64.15%","51.91%"
"2025","11650","서초","2","아동현원수","6779","4314","0","166","797","324","34","1144"
"2025","11650","서초","1","아동정원수","10172","6156","0","202","1170","387","53","2204"
"2025","11620","관악","3","정원충족률","62.55%","67.34%","0.%","50.23%","54.19%","68.54%","0.%","53.3%"
"2025","11620","관악","2","아동현원수","4665","2942","0","111","809","440","0","363"
"2025","11620","관악","1","아동정원수","7458","4369","52","221","1493","642","0","681"
"2025","11590","동작","3","정원충족률","69.3%","68.49%","0.%","51.61%","70.16%","80.3%","79.59%","52.77%"
"2025","11590","동작","2","아동현원수","4908","3049","0","32","1039","587","39","162"
"2025","11590","동작","1","아동정원수","7082","4452","0","62","1481","731","49","307"
"2025","11560","영등포","3","정원충족률","73.25%","77.5%","79.75%","100.%","65.79%","87.98%","0.%","64.6%"
"2025","11560","영등포","2","아동현원수","7315","3504","63","40","948","893","0","1867"
"2025","11560","영등포","1","아동정원수","9986","4521","79","40","1441","1015","0","2890"
"2025","11545","금천","3","정원충족률","60.93%","65.31%","47.49%","66.96%","51.32%","74.83%","0.%","60.66%"
"2025","11545","금천","2","아동현원수","3453","1892","85","229","876","223","0","148"
"2025","11545","금천","1","아동정원수","5667","2897","179","342","1707","298","0","244"
"2025","11530","구로","3","정원충족률","70.71%","79.56%","60.26%","58.72%","58.81%","79.71%","35.%","51.43%"
"2025","11530","구로","2","아동현원수","7178","3874","138","138","1792","935","14","287"
"2025","11530","구로","1","아동정원수","10151","4869","229","235","3047","1173","40","558"
"2025","11500","강서","3","정원충족률","69.74%","75.59%","68.21%","70.74%","58.13%","76.2%","70.49%","67.83%"
"2025","11500","강서","2","아동현원수","8432","4158","118","266","1976","1095","43","776"
"2025","11500","강서","1","아동정원수","12091","5501","173","376","3399","1437","61","1144"
"2025","11470","양천","3","정원충족률","72.92%","79.99%","0.%","46.51%","63.07%","73.42%","0.%","55.05%"
"2025","11470","양천","2","아동현원수","5571","3257","0","20","1226","790","0","278"
"2025","11470","양천","1","아동정원수","7640","4072","0","43","1944","1076","0","505"
"2025","11440","마포","3","정원충족률","70.78%","74.38%","0.%","53.53%","67.75%","72.5%","64.71%","62.02%"
"2025","11440","마포","2","아동현원수","5125","3094","0","91","813","427","99","601"
"2025","11440","마포","1","아동정원수","7241","4160","0","170","1200","589","153","969"
"2025","11410","서대문","3","정원충족률","69.9%","72.98%","0.%","16.67%","66.84%","83.37%","0.%","50.81%"
"2025","11410","서대문","1","아동정원수","5990","3372","0","30","1544","487","0","557"
"2025","11380","은평","3","정원충족률","70.4%","80.71%","0.%","54.49%","59.5%","54.85%","75.%","67.68%"
"2025","11380","은평","2","아동현원수","6511","3896","0","85","2110","294","15","111"
"2025","11380","은평","1","아동정원수","9249","4827","0","156","3546","536","20","164"
"2025","11350","노원","3","정원충족률","67.3%","70.85%","44.53%","97.96%","53.52%","75.74%","0.%","56.97%"
"2025","11350","노원","2","아동현원수","5959","3036","57","48","1079","1555","0","184"
"2025","11350","노원","1","아동정원수","8854","4285","128","49","2016","2053","0","323"
"2025","11320","도봉","3","정원충족률","66.21%","75.93%","54.55%","44.44%","51.72%","68.75%","68.97%","63.78%"
"2025","11320","도봉","2","아동현원수","3733","2095","18","12","964","462","20","162"
"2025","11320","도봉","1","아동정원수","5638","2759","33","27","1864","672","29","254"
"2025","11305","강북","3","정원충족률","64.78%","67.65%","43.55%","57.14%","65.09%","51.86%","81.25%","20.41%"
"2025","11305","강북","2","아동현원수","3272","1681","27","28","1346","167","13","10"
"2025","11305","강북","1","아동정원수","5051","2485","62","49","2068","322","16","49"
"2025","11290","성북","3","정원충족률","77.62%","82.6%","52.29%","57.71%","77.79%","80.28%","73.47%","46.43%"
"2025","11290","성북","2","아동현원수","5559","3309","57","232","1121","635","36","169"
"2025","11290","성북","1","아동정원수","7162","4006","109","402","1441","791","49","364"
"2025","11260","중랑","3","정원충족률","70.57%","73.42%","0.%","62.03%","67.77%","76.88%","73.08%","54.41%"
"2025","11260","중랑","2","아동현원수","5900","2856","0","165","2170","542","19","148"
"2025","11260","중랑","1","아동정원수","8361","3890","0","266","3202","705","26","272"
"2025","11230","동대문","3","정원충족률","71.32%","70.85%","0.%","68.07%","73.36%","79.28%","0.%","49.08%"
"2025","11230","동대문","2","아동현원수","5428","3277","0","81","1294","616","0","160"
"2025","11230","동대문","1","아동정원수","7611","4625","0","119","1764","777","0","326"
"2025","11215","광진","3","정원충족률","69.25%","72.5%","0.%","0.%","64.83%","70.81%","55.1%","48.67%"
"2025","11215","광진","2","아동현원수","3842","2320","0","0","1080","342","27","73"
"2025","11215","광진","1","아동정원수","5548","3200","0","0","1666","483","49","150"
"2025","11200","성동","3","정원충족률","64.9%","63.79%","0.%","58.23%","62.06%","82.91%","0.%","55.56%"
"2025","11200","성동","2","아동현원수","4198","2965","0","92","427","524","0","190"
"2025","11200","성동","1","아동정원수","6468","4648","0","158","688","632","0","342"
"2025","11170","용산","3","정원충족률","71.81%","76.64%","37.84%","63.64%","68.81%","77.35%","0.%","62.02%"
"2025","11170","용산","2","아동현원수","2927","1575","14","70","461","304","0","503"
"2025","11170","용산","1","아동정원수","4076","2055","37","110","670","393","0","811"
"2025","11140","중구","3","정원충족률","61.2%","59.82%","0.%","69.41%","63.23%","73.15%","0.%","60.19%"
"2025","11140","중구","2","아동현원수","2524","1121","0","211","141","79","0","972"
"2025","11140","중구","1","아동정원수","4124","1874","0","304","223","108","0","1615"
"2025","11110","종로","3","정원충족률","56.05%","63.3%","25.97%","40.82%","62.81%","95.%","0.%","49.89%"
"2025","11110","종로","2","아동현원수","2154","1109","20","20","76","19","0","910"
"2025","11110","종로","1","아동정원수","3843","1752","77","49","121","20","0","1824"
"2025","11000","계","3","정원충족률","69.49%","73.52%","52.47%","63.21%","63.78%","77.38%","64.98%","57.51%"
"2025","11000","계","2","아동현원수","136017","76249","668","2361","29822","14473","399","12045"
"2025","11000","계","1","아동정원수","195742","103716","1273","3735","46758","18703","614","20943"
"2024","11000","계","2","아동현원수","143413","77404","790","2597","33900","16241","450","12031"
"2024","11740","강동","3","정원충족률","72.69%","73.5%","64.37%","86.4%","68.62%","80.%","80.%","73.83%"
"2024","11740","강동","2","아동현원수","9048","4687","56","108","2797","1068","16","316"
"2024","11740","강동","1","아동정원수","12448","6377","87","125","4076","1335","20","428"
"2024","11710","송파","3","정원충족률","79.53%","83.78%","75.%","62.07%","75.18%","87.55%","0.%","64.95%"
"2024","11710","송파","2","아동현원수","11186","5501","21","72","2935","1610","0","1047"
"2024","11710","송파","1","아동정원수","14065","6566","28","116","3904","1839","0","1612"
"2024","11680","강남","3","정원충족률","64.01%","70.44%","0.%","0.%","67.96%","72.96%","83.67%","43.65%"
"2024","11680","강남","2","아동현원수","6782","4027","0","0","1213","429","41","1072"
"2024","11680","강남","1","아동정원수","10595","5717","0","0","1785","588","49","2456"
"2024","11650","서초","3","정원충족률","68.22%","72.38%","0.%","91.09%","69.16%","82.03%","56.76%","51.89%"
"2024","11650","서초","2","아동현원수","6734","4217","0","184","832","347","42","1112"
"2024","11650","서초","1","아동정원수","9871","5826","0","202","1203","423","74","2143"
"2024","11620","관악","3","정원충족률","63.78%","69.14%","0.%","56.11%","55.01%","68.7%","0.%","53.45%"
"2024","11620","관악","2","아동현원수","4954","3031","0","124","939","496","0","364"
"2024","11620","관악","1","아동정원수","7767","4384","52","221","1707","722","0","681"
"2024","11590","동작","3","정원충족률","72.%","71.82%","0.%","43.55%","70.74%","81.79%","75.51%","60.66%"
"2024","11590","동작","2","아동현원수","5213","3226","0","27","1129","629","37","165"
"2024","11590","동작","1","아동정원수","7240","4492","0","62","1596","769","49","272"
"2024","11560","영등포","3","정원충족률","73.56%","77.89%","88.61%","97.5%","68.73%","87.28%","0.%","63.82%"
"2024","11560","영등포","2","아동현원수","7590","3614","70","39","1033","913","0","1921"
"2024","11560","영등포","1","아동정원수","10318","4640","79","40","1503","1046","0","3010"
"2024","11545","금천","3","정원충족률","62.47%","67.13%","44.84%","61.31%","57.67%","65.35%","0.%","55.94%"
"2024","11545","금천","2","아동현원수","3769","1991","100","263","1023","232","0","160"
"2024","11545","금천","1","아동정원수","6033","2966","223","429","1774","355","0","286"
"2024","11530","구로","3","정원충족률","72.84%","82.17%","69.43%","62.98%","61.3%","79.99%","62.5%","46.95%"
"2024","11530","구로","2","아동현원수","7650","4022","159","148","1956","1071","25","269"
"2024","11530","구로","1","아동정원수","10502","4895","229","235","3191","1339","40","573"
"2024","11500","강서","3","정원충족률","71.51%","75.83%","74.57%","78.99%","61.8%","76.43%","70.49%","73.86%"
"2024","11500","강서","2","아동현원수","9078","4175","129","297","2406","1313","43","715"
"2024","11500","강서","1","아동정원수","12695","5506","173","376","3893","1718","61","968"
"2024","11470","양천","3","정원충족률","74.59%","81.99%","0.%","88.37%","66.79%","69.69%","0.%","58.19%"
"2024","11470","양천","2","아동현원수","6081","3397","0","38","1470","899","0","277"
"2024","11470","양천","1","아동정원수","8153","4143","0","43","2201","1290","0","476"
"2024","11440","마포","3","정원충족률","72.91%","77.11%","0.%","64.71%","69.97%","70.54%","73.86%","61.95%"
"2024","11440","마포","2","아동현원수","5570","3294","0","110","925","498","113","630"
"2024","11440","마포","1","아동정원수","7640","4272","0","170","1322","706","153","1017"
"2024","11410","서대문","3","정원충족률","73.41%","77.4%","0.%","8.54%","68.9%","87.4%","65.%","58.21%"
"2024","11000","계","1","아동정원수","202722","103212","1369","4126","51192","20952","655","21216"
"2024","11410","서대문","2","아동현원수","4447","2572","0","7","1092","458","13","305"
"2024","11410","서대문","1","아동정원수","6058","3323","0","82","1585","524","20","524"
"2024","11380","은평","3","정원충족률","72.06%","80.37%","0.%","44.74%","64.28%","65.88%","90.%","70.69%"
"2024","11380","은평","2","아동현원수","7170","3963","0","102","2599","365","18","123"
"2024","11380","은평","1","아동정원수","9950","4931","0","228","4043","554","20","174"
"2024","11350","노원","3","정원충족률","68.73%","71.96%","57.81%","97.96%","56.62%","78.4%","0.%","47.84%"
"2024","11350","노원","2","아동현원수","6402","3110","74","48","1262","1720","0","188"
"2024","11350","노원","1","아동정원수","9315","4322","128","49","2229","2194","0","393"
"2024","11320","도봉","3","정원충족률","67.56%","78.08%","57.58%","40.74%","54.44%","71.%","48.28%","62.6%"
"2024","11320","도봉","2","아동현원수","4103","2191","19","11","1207","502","14","159"
"2024","11320","도봉","1","아동정원수","6073","2806","33","27","2217","707","29","254"
"2024","11305","강북","3","정원충족률","71.05%","73.88%","53.23%","65.31%","71.15%","57.76%","87.5%","53.85%"
"2024","11305","강북","2","아동현원수","3738","1754","33","32","1670","186","14","49"
"2024","11305","강북","1","아동정원수","5261","2374","62","49","2347","322","16","91"
"2024","11290","성북","3","정원충족률","79.05%","83.06%","55.96%","59.08%","81.93%","83.23%","73.47%","49.73%"
"2024","11290","성북","2","아동현원수","5735","3280","61","296","1206","675","36","181"
"2024","11290","성북","1","아동정원수","7255","3949","109","501","1472","811","49","364"
"2024","11260","중랑","3","정원충족률","73.71%","76.42%","0.%","69.17%","72.13%","77.52%","46.15%","51.1%"
"2024","11260","중랑","2","아동현원수","6214","2937","0","184","2366","576","12","139"
"2024","11260","중랑","1","아동정원수","8430","3843","0","266","3280","743","26","272"
"2024","11230","동대문","3","정원충족률","70.31%","72.59%","0.%","58.82%","64.41%","79.71%","0.%","56.75%"
"2024","11230","동대문","2","아동현원수","5384","2976","0","70","1379","774","0","185"
"2024","11230","동대문","1","아동정원수","7657","4100","0","119","2141","971","0","326"
"2024","11215","광진","3","정원충족률","71.56%","77.03%","0.%","0.%","66.43%","65.91%","53.06%","52.67%"
"2024","11215","광진","2","아동현원수","4079","2347","0","0","1221","406","26","79"
"2024","11215","광진","1","아동정원수","5700","3047","0","0","1838","616","49","150"
"2024","11200","성동","3","정원충족률","64.99%","64.5%","0.%","58.86%","62.27%","78.31%","0.%","52.63%"
"2024","11200","성동","2","아동현원수","4430","3113","0","93","477","567","0","180"
"2024","11200","성동","1","아동정원수","6816","4826","0","158","766","724","0","342"
"2024","11170","용산","3","정원충족률","68.34%","72.25%","48.31%","38.91%","68.66%","80.%","0.%","62.64%"
"2024","11170","용산","2","아동현원수","3132","1578","43","107","504","392","0","508"
"2024","11170","용산","1","아동정원수","4583","2184","89","275","734","490","0","811"
"2024","11140","중구","3","정원충족률","63.3%","64.46%","0.%","72.04%","68.16%","68.5%","0.%","59.22%"
"2024","11140","중구","2","아동현원수","2620","1208","0","219","152","87","0","954"
"2024","11140","중구","1","아동정원수","4139","1874","0","304","223","127","0","1611"
"2024","11110","종로","3","정원충족률","55.41%","64.52%","32.47%","36.73%","66.05%","71.79%","0.%","47.07%"
"2024","11110","종로","2","아동현원수","2304","1193","25","18","107","28","0","933"
"2024","11110","종로","1","아동정원수","4158","1849","77","49","162","39","0","1982"
"2024","11000","계","3","정원충족률","70.74%","75.%","57.71%","62.94%","66.22%","77.52%","68.7%","56.71%"
"2023","11410","서대문","1","아동정원수","6428","3360","0","82","1883","559","20","524"
"2023","11740","강동","3","정원충족률","78.13%","83.53%","63.22%","86.84%","71.83%","79.21%","85.%","72.59%"
"2023","11740","강동","2","아동현원수","9329","4540","55","66","3226","1139","17","286"
"2023","11740","강동","1","아동정원수","11941","5435","87","76","4491","1438","20","394"
"2023","11710","송파","3","정원충족률","81.97%","87.47%","78.57%","75.86%","78.03%","87.52%","56.25%","64.63%"
"2023","11710","송파","2","아동현원수","12091","5685","22","88","3470","1774","27","1025"
"2023","11710","송파","1","아동정원수","14751","6499","28","116","4447","2027","48","1586"
"2023","11680","강남","3","정원충족률","63.88%","72.04%","0.%","0.%","63.79%","74.01%","91.84%","42.79%"
"2023","11680","강남","2","아동현원수","6766","3837","0","0","1309","524","45","1051"
"2023","11680","강남","1","아동정원수","10591","5326","0","0","2052","708","49","2456"
"2023","11650","서초","3","정원충족률","68.68%","73.01%","0.%","79.7%","70.38%","85.15%","64.86%","51.21%"
"2023","11650","서초","2","아동현원수","6909","4228","0","161","872","476","48","1124"
"2023","11650","서초","1","아동정원수","10060","5791","0","202","1239","559","74","2195"
"2023","11620","관악","3","정원충족률","68.32%","73.7%","0.%","55.66%","60.26%","76.9%","0.%","55.65%"
"2023","11620","관악","2","아동현원수","5592","3285","0","123","1189","616","0","379"
"2023","11620","관악","1","아동정원수","8185","4457","52","221","1973","801","0","681"
"2023","11590","동작","3","정원충족률","75.52%","75.15%","0.%","64.36%","75.15%","84.82%","67.35%","61.03%"
"2023","11590","동작","2","아동현원수","5601","3293","0","65","1340","704","33","166"
"2023","11590","동작","1","아동정원수","7417","4382","0","101","1783","830","49","272"
"2023","11560","영등포","3","정원충족률","75.84%","79.74%","88.61%","100.%","75.62%","91.49%","0.%","63.75%"
"2023","11560","영등포","2","아동현원수","8091","3711","70","40","1309","1011","0","1950"
"2023","11560","영등포","1","아동정원수","10668","4654","79","40","1731","1105","0","3059"
"2023","11545","금천","3","정원충족률","66.1%","72.94%","58.74%","59.16%","60.71%","74.59%","0.%","48.45%"
"2023","11545","금천","2","아동현원수","4267","2105","131","310","1273","276","0","172"
"2023","11545","금천","1","아동정원수","6455","2886","223","524","2097","370","0","355"
"2023","11530","구로","3","정원충족률","75.57%","82.63%","65.07%","66.1%","67.%","81.49%","81.67%","50.94%"
"2023","11530","구로","2","아동현원수","8273","4248","149","195","2209","1180","49","243"
"2023","11530","구로","1","아동정원수","10947","5141","229","295","3297","1448","60","477"
"2023","11500","강서","3","정원충족률","73.48%","76.95%","77.46%","79.79%","67.84%","79.04%","59.21%","66.8%"
"2023","11500","강서","2","아동현원수","9836","4203","134","300","2957","1505","45","692"
"2023","11500","강서","1","아동정원수","13386","5462","173","376","4359","1904","76","1036"
"2023","11470","양천","3","정원충족률","76.19%","83.73%","0.%","69.77%","66.62%","77.14%","0.%","59.83%"
"2023","11470","양천","2","아동현원수","6748","3541","0","30","1754","1137","0","286"
"2023","11470","양천","1","아동정원수","8857","4229","0","43","2633","1474","0","478"
"2023","11440","마포","3","정원충족률","75.1%","78.%","0.%","65.88%","75.71%","77.37%","74.51%","60.81%"
"2023","11440","마포","2","아동현원수","6020","3493","0","112","1066","636","114","599"
"2023","11440","마포","1","아동정원수","8016","4478","0","170","1408","822","153","985"
"2023","11410","서대문","3","정원충족률","76.68%","80.71%","0.%","59.76%","71.75%","86.05%","95.%","60.5%"
"2023","11410","서대문","2","아동현원수","4929","2712","0","49","1351","481","19","317"
"2023","11380","은평","3","정원충족률","76.59%","83.54%","0.%","65.73%","69.78%","76.85%","75.%","79.89%"
"2023","11380","은평","2","아동현원수","7973","4014","0","163","3217","425","15","139"
"2023","11380","은평","1","아동정원수","10410","4805","0","248","4610","553","20","174"
"2023","11350","노원","3","정원충족률","71.97%","74.47%","68.92%","95.92%","61.63%","81.24%","0.%","48.33%"
"2023","11350","노원","2","아동현원수","7013","3331","102","47","1420","1910","0","203"
"2023","11350","노원","1","아동정원수","9745","4473","148","49","2304","2351","0","420"
"2023","11320","도봉","3","정원충족률","68.76%","79.08%","66.67%","66.67%","59.09%","63.29%","68.97%","63.64%"
"2023","11320","도봉","2","아동현원수","4659","2378","22","18","1534","519","20","168"
"2023","11320","도봉","1","아동정원수","6776","3007","33","27","2596","820","29","264"
"2023","11305","강북","3","정원충족률","75.09%","74.79%","58.06%","69.39%","77.89%","66.47%","67.5%","56.04%"
"2023","11305","강북","2","아동현원수","4317","1967","36","34","1976","226","27","51"
"2023","11305","강북","1","아동정원수","5749","2630","62","49","2537","340","40","91"
"2023","11290","성북","3","정원충족률","78.95%","82.93%","59.63%","67.04%","81.26%","80.32%","87.76%","45.33%"
"2023","11290","성북","2","아동현원수","6203","3329","65","417","1392","792","43","165"
"2023","11290","성북","1","아동정원수","7857","4014","109","622","1713","986","49","364"
"2023","11260","중랑","3","정원충족률","74.88%","77.81%","0.%","73.08%","73.38%","74.72%","57.69%","57.35%"
"2023","11260","중랑","2","아동현원수","6782","3044","0","209","2749","609","15","156"
"2023","11260","중랑","1","아동정원수","9057","3912","0","286","3746","815","26","272"
"2023","11230","동대문","3","정원충족률","74.95%","81.17%","0.%","48.65%","66.27%","81.92%","0.%","55.21%"
"2023","11230","동대문","2","아동현원수","5859","3173","0","72","1605","829","0","180"
"2023","11230","동대문","1","아동정원수","7817","3909","0","148","2422","1012","0","326"
"2023","11215","광진","3","정원충족률","74.35%","79.16%","0.%","0.%","70.4%","74.44%","51.02%","45.86%"
"2023","11215","광진","2","아동현원수","4523","2401","0","0","1484","530","25","83"
"2023","11215","광진","1","아동정원수","6083","3033","0","0","2108","712","49","181"
"2023","11200","성동","3","정원충족률","69.46%","69.52%","0.%","55.06%","63.87%","87.07%","0.%","49.71%"
"2023","11200","성동","2","아동현원수","4829","3321","0","87","571","680","0","170"
"2023","11200","성동","1","아동정원수","6952","4777","0","158","894","781","0","342"
"2023","11170","용산","3","정원충족률","72.96%","72.95%","68.54%","61.69%","77.66%","79.64%","0.%","68.06%"
"2023","11170","용산","2","아동현원수","3472","1575","61","182","664","438","0","552"
"2023","11170","용산","1","아동정원수","4759","2159","89","295","855","550","0","811"
"2023","11140","중구","3","정원충족률","65.01%","66.13%","0.%","71.05%","78.48%","82.53%","0.%","58.91%"
"2023","11140","중구","2","아동현원수","2703","1226","0","216","175","137","0","949"
"2023","11140","중구","1","아동정원수","4158","1854","0","304","223","166","0","1611"
"2023","11110","종로","3","정원충족률","58.95%","68.19%","32.47%","38.78%","72.39%","56.41%","0.%","50.41%"
"2023","11110","종로","2","아동현원수","2466","1299","25","19","118","22","0","983"
"2023","11110","종로","1","아동정원수","4183","1905","77","49","163","39","0","1950"
"2023","11000","계","3","정원충족률","73.49%","77.93%","62.78%","67.02%","69.89%","80.17%","71.13%","56.75%"
"2023","11000","계","2","아동현원수","155251","79939","872","3003","40230","18576","542","12089"
"2023","11000","계","1","아동정원수","211248","102578","1389","4481","57564","23170","762","21304"
"2022","11410","서대문","2","아동현원수","5150","2708","0","57","1510","535","20","320"
"2022","11740","강동","3","정원충족률","79.32%","84.9%","78.16%","96.05%","72.32%","84.7%","85.%","66.05%"
"2022","11740","강동","2","아동현원수","9878","4589","68","73","3585","1295","17","251"
"2022","11740","강동","1","아동정원수","12454","5405","87","76","4957","1529","20","380"
"2022","11710","송파","3","정원충족률","83.47%","88.48%","55.14%","78.45%","80.25%","87.24%","62.5%","69.41%"
"2022","11710","송파","2","아동현원수","12990","5823","59","91","3945","1996","30","1046"
"2022","11710","송파","1","아동정원수","15563","6581","107","116","4916","2288","48","1507"
"2022","11680","강남","3","정원충족률","63.83%","69.24%","0.%","0.%","65.74%","83.46%","69.57%","44.11%"
"2022","11680","강남","2","아동현원수","6846","3566","0","0","1625","570","48","1037"
"2022","11680","강남","1","아동정원수","10725","5150","0","0","2472","683","69","2351"
"2022","11650","서초","3","정원충족률","70.66%","75.41%","0.%","73.42%","73.69%","88.24%","77.03%","51.81%"
"2022","11650","서초","2","아동현원수","7077","4078","0","174","1011","585","57","1172"
"2022","11650","서초","1","아동정원수","10016","5408","0","237","1372","663","74","2262"
"2022","11620","관악","3","정원충족률","70.48%","74.93%","0.%","56.86%","65.59%","79.56%","0.%","58.44%"
"2022","11620","관악","2","아동현원수","6335","3545","0","170","1502","720","0","398"
"2022","11620","관악","1","아동정원수","8988","4731","82","299","2290","905","0","681"
"2022","11590","동작","3","정원충족률","79.65%","80.69%","0.%","62.38%","79.02%","86.29%","77.55%","55.8%"
"2022","11590","동작","2","아동현원수","6022","3398","0","63","1533","812","38","178"
"2022","11590","동작","1","아동정원수","7561","4211","0","101","1940","941","49","319"
"2022","11560","영등포","3","정원충족률","76.14%","84.61%","89.87%","87.88%","67.27%","93.54%","0.%","63.69%"
"2022","11560","영등포","2","아동현원수","8726","3838","71","58","1681","1101","0","1977"
"2022","11560","영등포","1","아동정원수","11461","4536","79","66","2499","1177","0","3104"
"2022","11545","금천","3","정원충족률","68.18%","75.18%","61.43%","62.3%","63.73%","76.03%","0.%","46.61%"
"2022","11545","금천","2","아동현원수","4726","2229","137","357","1529","295","0","179"
"2022","11545","금천","1","아동정원수","6932","2965","223","573","2399","388","0","384"
"2022","11530","구로","3","정원충족률","77.12%","81.95%","75.55%","68.14%","70.43%","83.64%","84.75%","55.56%"
"2022","11530","구로","2","아동현원수","8942","4369","173","201","2499","1385","50","265"
"2022","11530","구로","1","아동정원수","11595","5331","229","295","3548","1656","59","477"
"2022","11500","강서","3","정원충족률","76.4%","79.69%","82.66%","77.13%","71.2%","84.21%","63.41%","66.2%"
"2022","11500","강서","2","아동현원수","10729","4307","143","290","3429","1850","52","658"
"2022","11500","강서","1","아동정원수","14043","5405","173","376","4816","2197","82","994"
"2022","11470","양천","3","정원충족률","77.37%","82.09%","0.%","83.72%","71.91%","78.13%","0.%","61.14%"
"2022","11470","양천","2","아동현원수","7413","3667","0","36","2120","1343","0","247"
"2022","11470","양천","1","아동정원수","9581","4467","0","43","2948","1719","0","404"
"2022","11440","마포","3","정원충족률","76.87%","79.82%","0.%","64.29%","76.99%","82.82%","75.16%","60.98%"
"2022","11440","마포","2","아동현원수","6464","3703","0","135","1161","728","115","622"
"2022","11440","마포","1","아동정원수","8409","4639","0","210","1508","879","153","1020"
"2022","11410","서대문","3","정원충족률","78.15%","80.33%","0.%","69.51%","75.69%","89.46%","100.%","61.07%"
"2022","11410","서대문","1","아동정원수","6590","3371","0","82","1995","598","20","524"
"2022","11380","은평","3","정원충족률","73.43%","82.08%","0.%","72.58%","66.47%","71.88%","75.%","83.33%"
"2022","11380","은평","2","아동현원수","8586","3838","0","180","3912","496","15","145"
"2022","11380","은평","1","아동정원수","11693","4676","0","248","5885","690","20","174"
"2022","11350","노원","3","정원충족률","74.56%","77.23%","60.14%","0.%","69.1%","79.72%","0.%","45.56%"
"2022","11350","노원","2","아동현원수","7765","3649","89","0","1740","2123","0","164"
"2022","11350","노원","1","아동정원수","10414","4725","148","0","2518","2663","0","360"
"2022","11320","도봉","3","정원충족률","71.97%","79.57%","66.67%","59.26%","65.95%","67.96%","72.73%","63.26%"
"2022","11320","도봉","2","아동현원수","5222","2473","22","16","1863","649","32","167"
"2022","11320","도봉","1","아동정원수","7256","3108","33","27","2825","955","44","264"
"2022","11305","강북","3","정원충족률","75.16%","76.72%","63.51%","39.5%","76.82%","69.41%","83.72%","48.51%"
"2022","11305","강북","2","아동현원수","4877","2089","47","47","2373","236","36","49"
"2022","11305","강북","1","아동정원수","6489","2723","74","119","3089","340","43","101"
"2022","11290","성북","3","정원충족률","79.4%","81.71%","64.22%","81.05%","79.64%","82.45%","87.76%","41.48%"
"2022","11290","성북","2","아동현원수","6885","3512","70","573","1592","944","43","151"
"2022","11290","성북","1","아동정원수","8671","4298","109","707","1999","1145","49","364"
"2022","11260","중랑","3","정원충족률","75.69%","76.38%","0.%","67.69%","76.34%","77.31%","65.38%","60.29%"
"2022","11260","중랑","2","아동현원수","7387","3182","0","220","3068","736","17","164"
"2022","11260","중랑","1","아동정원수","9760","4166","0","325","4019","952","26","272"
"2022","11230","동대문","3","정원충족률","76.48%","81.56%","0.%","58.33%","69.39%","85.83%","0.%","54.29%"
"2022","11230","동대문","2","아동현원수","6102","3144","0","119","1784","878","0","177"
"2022","11230","동대문","1","아동정원수","7979","3855","0","204","2571","1023","0","326"
"2022","11215","광진","3","정원충족률","74.43%","79.97%","0.%","0.%","69.79%","75.52%","55.1%","50.28%"
"2022","11215","광진","2","아동현원수","4937","2424","0","0","1846","549","27","91"
"2022","11215","광진","1","아동정원수","6633","3031","0","0","2645","727","49","181"
"2022","11200","성동","3","정원충족률","72.36%","72.19%","0.%","48.02%","67.03%","92.9%","0.%","57.3%"
"2022","11200","성동","2","아동현원수","5286","3533","0","97","685","759","0","212"
"2022","11200","성동","1","아동정원수","7305","4894","0","202","1022","817","0","370"
"2022","11170","용산","3","정원충족률","74.81%","75.59%","73.03%","71.86%","77.38%","78.1%","0.%","68.31%"
"2022","11170","용산","2","아동현원수","3728","1632","65","212","773","492","0","554"
"2022","11170","용산","1","아동정원수","4983","2159","89","295","999","630","0","811"
"2022","11140","중구","3","정원충족률","65.86%","69.62%","0.%","69.74%","73.42%","87.95%","0.%","57.14%"
"2022","11140","중구","2","아동현원수","2712","1288","0","212","174","146","0","892"
"2022","11140","중구","1","아동정원수","4118","1850","0","304","237","166","0","1561"
"2022","11110","종로","3","정원충족률","59.92%","69.49%","47.%","46.94%","72.02%","89.74%","0.%","49.78%"
"2022","11110","종로","2","아동현원수","2642","1385","47","23","139","35","0","1013"
"2022","11110","종로","1","아동정원수","4409","1993","100","49","193","39","0","2035"
"2022","11000","계","3","정원충족률","74.87%","79.06%","64.64%","68.71%","71.7%","82.49%","74.16%","57.14%"
"2022","11000","계","2","아동현원수","167427","81969","991","3404","47079","21258","597","12129"
"2022","11000","계","1","아동정원수","223628","103678","1533","4954","65662","25770","805","21226"
"2021","11000","계","3","정원충족률","77.61%","82.27%","70.24%","71.37%","74.62%","79.57%","76.95%","64.19%"
"2021","11740","강동","3","정원충족률","80.69%","85.88%","91.95%","81.21%","74.3%","86.27%","90.%","69.47%"
"2021","11740","강동","2","아동현원수","10521","4623","80","134","3970","1432","18","264"
"2021","11740","강동","1","아동정원수","13038","5383","87","165","5343","1660","20","380"
"2021","11710","송파","3","정원충족률","84.44%","88.97%","77.57%","87.07%","81.09%","87.39%","81.25%","72.79%"
"2021","11710","송파","2","아동현원수","13761","5733","83","101","4477","2231","39","1097"
"2021","11710","송파","1","아동정원수","16296","6444","107","116","5521","2553","48","1507"
"2021","11680","강남","3","정원충족률","70.11%","76.39%","0.%","0.%","72.02%","80.52%","55.07%","50.87%"
"2021","11680","강남","2","아동현원수","7618","3895","0","0","1869","645","38","1171"
"2021","11680","강남","1","아동정원수","10866","5099","0","0","2595","801","69","2302"
"2021","11650","서초","3","정원충족률","74.96%","79.54%","0.%","74.26%","72.5%","88.76%","74.32%","60.66%"
"2021","11650","서초","2","아동현원수","7851","4382","0","176","1255","663","55","1320"
"2021","11650","서초","1","아동정원수","10474","5509","0","237","1731","747","74","2176"
"2021","11620","관악","3","정원충족률","74.21%","79.61%","2.44%","63.47%","71.23%","70.97%","37.5%","67.42%"
"2021","11620","관악","2","아동현원수","7007","3791","2","238","1775","775","6","420"
"2021","11620","관악","1","아동정원수","9442","4762","82","375","2492","1092","16","623"
"2021","11590","동작","3","정원충족률","80.96%","84.49%","26.98%","55.45%","78.18%","81.91%","85.71%","68.03%"
"2021","11590","동작","2","아동현원수","6782","3656","17","56","1834","960","42","217"
"2021","11590","동작","1","아동정원수","8377","4327","63","101","2346","1172","49","319"
"2021","11560","영등포","3","정원충족률","79.68%","87.64%","62.6%","62.12%","73.88%","87.22%","0.%","70.66%"
"2021","11560","영등포","2","아동현원수","9354","3963","77","41","2025","1153","0","2095"
"2021","11560","영등포","1","아동정원수","11739","4522","123","66","2741","1322","0","2965"
"2021","11545","금천","3","정원충족률","70.19%","76.06%","76.68%","63.72%","67.14%","74.42%","0.%","48.35%"
"2021","11545","금천","2","아동현원수","5172","2281","171","411","1720","384","0","205"
"2021","11545","금천","1","아동정원수","7369","2999","223","645","2562","516","0","424"
"2021","11530","구로","3","정원충족률","78.74%","87.22%","75.27%","68.98%","71.17%","78.63%","91.53%","59.13%"
"2021","11530","구로","2","아동현원수","9583","4479","210","258","2740","1531","54","311"
"2021","11530","구로","1","아동정원수","12170","5135","279","374","3850","1947","59","526"
"2021","11500","강서","3","정원충족률","77.96%","83.04%","92.49%","66.76%","73.36%","79.61%","68.29%","74.13%"
"2021","11500","강서","2","아동현원수","11789","4519","160","251","4072","2003","56","728"
"2021","11500","강서","1","아동정원수","15122","5442","173","376","5551","2516","82","982"
"2021","11470","양천","3","정원충족률","76.86%","82.14%","0.%","90.7%","71.78%","73.34%","0.%","74.48%"
"2021","11470","양천","2","아동현원수","8291","3938","0","39","2493","1535","0","286"
"2021","11470","양천","1","아동정원수","10787","4794","0","43","3473","2093","0","384"
"2021","11440","마포","3","정원충족률","80.66%","84.5%","0.%","62.86%","79.98%","81.66%","84.97%","65.75%"
"2021","11440","마포","2","아동현원수","7025","3932","0","132","1358","828","130","645"
"2021","11440","마포","1","아동정원수","8709","4653","0","210","1698","1014","153","981"
"2021","11410","서대문","3","정원충족률","80.98%","86.25%","0.%","79.27%","74.64%","83.58%","90.%","71.76%"
"2021","11000","계","2","아동현원수","182922","85501","1187","3873","54604","23846","661","13250"
"2021","11410","서대문","2","아동현원수","5476","2798","0","65","1654","565","18","376"
"2021","11000","계","1","아동정원수","235682","103922","1690","5427","73175","29967","859","20642"
"2021","11410","서대문","1","아동정원수","6762","3244","0","82","2216","676","20","524"
"2021","11380","은평","3","정원충족률","75.94%","81.93%","0.%","77.36%","72.78%","67.87%","90.%","77.59%"
"2021","11380","은평","2","아동현원수","9378","3651","0","229","4745","600","18","135"
"2021","11380","은평","1","아동정원수","12350","4456","0","296","6520","884","20","174"
"2021","11350","노원","3","정원충족률","77.25%","80.46%","66.22%","0.%","74.59%","77.2%","35.%","61.11%"
"2021","11350","노원","2","아동현원수","8593","3936","98","0","2026","2306","7","220"
"2021","11350","노원","1","아동정원수","11123","4892","148","0","2716","2987","20","360"
"2021","11320","도봉","3","정원충족률","75.23%","84.04%","72.73%","53.73%","70.46%","68.11%","79.31%","66.67%"
"2021","11320","도봉","2","아동현원수","5914","2601","24","36","2266","788","23","176"
"2021","11320","도봉","1","아동정원수","7861","3095","33","67","3216","1157","29","264"
"2021","11305","강북","3","정원충족률","76.32%","79.22%","64.86%","51.26%","76.35%","70.16%","86.05%","50.5%"
"2021","11305","강북","2","아동현원수","5504","2246","48","61","2793","268","37","51"
"2021","11305","강북","1","아동정원수","7212","2835","74","119","3658","382","43","101"
"2021","11290","성북","3","정원충족률","81.15%","81.8%","77.98%","88.21%","81.92%","77.51%","83.67%","63.26%"
"2021","11290","성북","2","아동현원수","7552","3734","85","666","1794","1065","41","167"
"2021","11290","성북","1","아동정원수","9306","4565","109","755","2190","1374","49","264"
"2021","11260","중랑","3","정원충족률","79.17%","82.71%","0.%","70.15%","77.25%","75.67%","80.77%","84.88%"
"2021","11260","중랑","2","아동현원수","7877","3310","0","228","3298","874","21","146"
"2021","11260","중랑","1","아동정원수","9949","4002","0","325","4269","1155","26","172"
"2021","11230","동대문","3","정원충족률","79.3%","82.48%","0.%","62.75%","75.57%","86.49%","0.%","57.98%"
"2021","11230","동대문","2","아동현원수","6423","3112","0","128","2008","986","0","189"
"2021","11230","동대문","1","아동정원수","8100","3773","0","204","2657","1140","0","326"
"2021","11215","광진","3","정원충족률","76.47%","80.44%","0.%","0.%","74.88%","74.04%","59.18%","51.38%"
"2021","11215","광진","2","아동현원수","5499","2484","0","0","2257","636","29","93"
"2021","11215","광진","1","아동정원수","7191","3088","0","0","3014","859","49","181"
"2021","11200","성동","3","정원충족률","76.91%","78.7%","0.%","52.97%","73.14%","87.74%","0.%","53.5%"
"2021","11200","성동","2","아동현원수","5876","3810","0","107","915","830","0","214"
"2021","11200","성동","1","아동정원수","7640","4841","0","202","1251","946","0","400"
"2021","11170","용산","3","정원충족률","79.66%","81.66%","89.89%","82.71%","79.64%","79.03%","87.88%","72.49%"
"2021","11170","용산","2","아동현원수","4108","1737","80","244","841","584","29","593"
"2021","11170","용산","1","아동정원수","5157","2127","89","295","1056","739","33","818"
"2021","11140","중구","3","정원충족률","72.43%","75.46%","0.%","74.77%","85.65%","87.03%","0.%","64.35%"
"2021","11140","중구","2","아동현원수","2976","1396","0","243","203","161","0","973"
"2021","11140","중구","1","아동정원수","4109","1850","0","325","237","185","0","1512"
"2021","11110","종로","3","정원충족률","66.%","71.65%","52.%","59.18%","79.41%","86.%","0.%","58.57%"
"2021","11110","종로","2","아동현원수","2992","1494","52","29","216","43","0","1158"
"2021","11110","종로","1","아동정원수","4533","2085","100","49","272","50","0","1977"
"2020","11000","계","1","아동정원수","245863","101037","1861","5427","82308","33972","973","20285"
"2020","11000","계","2","아동현원수","196260","85925","1393","4242","62749","27106","760","14085"
"2020","11000","계","3","정원충족률","79.82%","85.04%","74.85%","78.16%","76.24%","79.79%","78.11%","69.44%"
"2020","11110","종로","1","아동정원수","4700","2216","100","49","344","50","0","1941"
"2020","11110","종로","2","아동현원수","3263","1615","55","33","254","39","0","1267"
"2020","11110","종로","3","정원충족률","69.43%","72.88%","55.%","67.35%","73.84%","78.%","0.%","65.28%"
"2020","11140","중구","1","아동정원수","4305","1952","0","338","237","220","0","1558"
"2020","11140","중구","2","아동현원수","3240","1551","0","270","186","185","0","1048"
"2020","11140","중구","3","정원충족률","75.26%","79.46%","0.%","79.88%","78.48%","84.09%","0.%","67.27%"
"2020","11170","용산","1","아동정원수","5169","2017","89","315","1085","812","33","818"
"2020","11170","용산","2","아동현원수","4322","1770","78","251","888","670","31","634"
"2020","11170","용산","3","정원충족률","83.61%","87.75%","87.64%","79.68%","81.84%","82.51%","93.94%","77.51%"
"2020","11200","성동","1","아동정원수","7966","4840","0","202","1457","1084","0","383"
"2020","11200","성동","2","아동현원수","6308","3987","0","128","1074","890","0","229"
"2020","11200","성동","3","정원충족률","79.19%","82.38%","0.%","63.37%","73.71%","82.1%","0.%","59.79%"
"2020","11215","광진","1","아동정원수","7807","2875","0","0","3730","972","49","181"
"2020","11215","광진","2","아동현원수","6148","2497","0","0","2782","742","31","96"
"2020","11215","광진","3","정원충족률","78.75%","86.85%","0.%","0.%","74.58%","76.34%","63.27%","53.04%"
"2020","11230","동대문","1","아동정원수","8444","3709","0","204","2868","1267","0","396"
"2020","11230","동대문","2","아동현원수","6860","3178","0","148","2225","1064","0","245"
"2020","11230","동대문","3","정원충족률","81.24%","85.68%","0.%","72.55%","77.58%","83.98%","0.%","61.87%"
"2020","11260","중랑","1","아동정원수","10652","3865","0","276","4933","1320","26","232"
"2020","11260","중랑","2","아동현원수","8448","3268","0","229","3692","1052","24","183"
"2020","11260","중랑","3","정원충족률","79.31%","84.55%","0.%","82.97%","74.84%","79.7%","92.31%","78.88%"
"2020","11290","성북","1","아동정원수","10091","4565","109","897","2705","1502","49","264"
"2020","11290","성북","2","아동현원수","7947","3715","92","770","2006","1144","40","180"
"2020","11290","성북","3","정원충족률","78.75%","81.38%","84.4%","85.84%","74.16%","76.17%","81.63%","68.18%"
"2020","11305","강북","1","아동정원수","7748","2847","74","119","4122","442","43","101"
"2020","11305","강북","2","아동현원수","6079","2383","51","75","3175","316","23","56"
"2020","11305","강북","3","정원충족률","78.46%","83.7%","68.92%","63.03%","77.03%","71.49%","53.49%","55.45%"
"2020","11320","도봉","1","아동정원수","8811","2883","33","67","4138","1397","29","264"
"2020","11320","도봉","2","아동현원수","6701","2505","26","48","2949","979","29","165"
"2020","11320","도봉","3","정원충족률","76.05%","86.89%","78.79%","71.64%","71.27%","70.08%","100.%","62.5%"
"2020","11350","노원","1","아동정원수","11717","4900","208","0","2766","3453","30","360"
"2020","11350","노원","2","아동현원수","9433","4119","163","0","2170","2729","15","237"
"2020","11350","노원","3","정원충족률","80.51%","84.06%","78.37%","0.%","78.45%","79.03%","50.%","65.83%"
"2020","11380","은평","1","아동정원수","12901","4104","0","356","7268","979","20","174"
"2020","11380","은평","2","아동현원수","10082","3534","0","281","5426","707","16","118"
"2020","11380","은평","3","정원충족률","78.15%","86.11%","0.%","78.93%","74.66%","72.22%","80.%","67.82%"
"2020","11410","서대문","1","아동정원수","6809","3221","0","82","2299","654","29","524"
"2020","11410","서대문","2","아동현원수","5754","2864","0","73","1827","594","20","376"
"2020","11410","서대문","3","정원충족률","84.51%","88.92%","0.%","89.02%","79.47%","90.83%","68.97%","71.76%"
"2020","11440","마포","1","아동정원수","9093","4700","0","167","1899","1193","153","981"
"2020","11440","마포","2","아동현원수","7459","3928","0","127","1625","972","139","668"
"2020","11440","마포","3","정원충족률","82.03%","83.57%","0.%","76.05%","85.57%","81.48%","90.85%","68.09%"
"2020","11470","양천","1","아동정원수","11440","4708","0","43","3919","2370","16","384"
"2020","11470","양천","2","아동현원수","8966","4019","0","37","2879","1737","9","285"
"2020","11470","양천","3","정원충족률","78.37%","85.37%","0.%","86.05%","73.46%","73.29%","56.25%","74.22%"
"2020","11500","강서","1","아동정원수","16062","5220","272","233","6336","2885","134","982"
"2020","11500","강서","2","아동현원수","12520","4417","201","184","4617","2229","100","772"
"2020","11500","강서","3","정원충족률","77.95%","84.62%","73.9%","78.97%","72.87%","77.26%","74.63%","78.62%"
"2020","11530","구로","1","아동정원수","12549","4902","299","374","4227","2192","78","477"
"2020","11530","구로","2","아동현원수","10293","4370","250","311","3220","1767","67","308"
"2020","11530","구로","3","정원충족률","82.02%","89.15%","83.61%","83.16%","76.18%","80.61%","85.9%","64.57%"
"2020","11545","금천","1","아동정원수","7519","2907","223","645","2620","700","0","424"
"2020","11545","금천","2","아동현원수","5607","2383","193","442","1851","507","0","231"
"2020","11545","금천","3","정원충족률","74.57%","81.97%","86.55%","68.53%","70.65%","72.43%","0.%","54.48%"
"2020","11560","영등포","1","아동정원수","11944","4444","123","66","2952","1430","0","2929"
"2020","11560","영등포","2","아동현원수","9841","3860","94","38","2339","1235","0","2275"
"2020","11560","영등포","3","정원충족률","82.39%","86.86%","76.42%","57.58%","79.23%","86.36%","0.%","77.67%"
"2020","11590","동작","1","아동정원수","8966","4255","83","101","2753","1406","49","319"
"2020","11590","동작","2","아동현원수","7293","3678","29","89","2190","1032","42","233"
"2020","11590","동작","3","정원충족률","81.34%","86.44%","34.94%","88.12%","79.55%","73.4%","85.71%","73.04%"
"2020","11620","관악","1","아동정원수","10162","4762","82","375","3065","1239","16","623"
"2020","11620","관악","2","아동현원수","7978","4054","9","281","2202","958","8","466"
"2020","11620","관악","3","정원충족률","78.51%","85.13%","10.98%","74.93%","71.84%","77.32%","50.%","74.8%"
"2020","11650","서초","1","아동정원수","10415","5174","0","237","1862","884","82","2176"
"2020","11650","서초","2","아동현원수","8310","4402","0","180","1455","792","56","1425"
"2020","11650","서초","3","정원충족률","79.79%","85.08%","0.%","75.95%","78.14%","89.59%","68.29%","65.49%"
"2020","11680","강남","1","아동정원수","10877","4850","0","0","2929","1001","69","2028"
"2020","11680","강남","2","아동현원수","8202","4028","0","0","2131","795","56","1192"
"2020","11680","강남","3","정원충족률","75.41%","83.05%","0.%","0.%","72.76%","79.42%","81.16%","58.78%"
"2020","11710","송파","1","아동정원수","16691","6163","79","116","6196","2703","48","1386"
"2020","11710","송파","2","아동현원수","14346","5475","70","104","5135","2427","36","1099"
"2020","11710","송파","3","정원충족률","85.95%","88.84%","88.61%","89.66%","82.88%","89.79%","75.%","79.29%"
"2020","11740","강동","1","아동정원수","13025","4958","87","165","5598","1817","20","380"
"2020","11740","강동","2","아동현원수","10860","4325","82","143","4451","1544","18","297"
"2020","11740","강동","3","정원충족률","83.38%","87.23%","94.25%","86.67%","79.51%","84.98%","90.%","78.16%"
"2019","11410","서대문","2","아동현원수","6169","2830","0","73","2138","693","21","414"
"2019","11740","강동","3","정원충족률","88.39%","92.84%","94.25%","87.27%","86.94%","85.33%","95.%","75.26%"
"2019","11740","강동","2","아동현원수","11185","3944","82","144","5067","1640","19","289"
"2019","11740","강동","1","아동정원수","12654","4248","87","165","5828","1922","20","384"
"2019","11710","송파","3","정원충족률","91.94%","93.44%","92.41%","94.83%","91.62%","93.56%","72.15%","84.16%"
"2019","11710","송파","2","아동현원수","15611","5238","73","110","6145","2904","57","1084"
"2019","11710","송파","1","아동정원수","16979","5606","79","116","6707","3104","79","1288"
"2019","11680","강남","3","정원충족률","82.63%","86.24%","0.%","0.%","84.94%","84.09%","68.12%","68.41%"
"2019","11680","강남","2","아동현원수","9010","4198","0","0","2639","909","47","1217"
"2019","11680","강남","1","아동정원수","10904","4868","0","0","3107","1081","69","1779"
"2019","11650","서초","3","정원충족률","86.35%","90.02%","0.%","88.61%","85.39%","94.73%","73.17%","74.25%"
"2019","11650","서초","2","아동현원수","9001","4499","0","210","1794","953","60","1485"
"2019","11650","서초","1","아동정원수","10424","4998","0","237","2101","1006","82","2000"
"2019","11620","관악","3","정원충족률","82.25%","88.16%","30.77%","75.16%","78.31%","80.86%","56.25%","78.65%"
"2019","11620","관악","2","아동현원수","9149","4094","28","342","2906","1280","9","490"
"2019","11620","관악","1","아동정원수","11123","4644","91","455","3711","1583","16","623"
"2019","11590","동작","3","정원충족률","87.19%","88.05%","83.5%","90.1%","85.63%","88.03%","81.63%","90.74%"
"2019","11590","동작","2","아동현원수","8173","3494","86","91","2908","1309","40","245"
"2019","11590","동작","1","아동정원수","9374","3968","103","101","3396","1487","49","270"
"2019","11560","영등포","3","정원충족률","86.12%","90.54%","79.67%","57.14%","85.51%","89.47%","0.%","79.86%"
"2019","11560","영등포","2","아동현원수","10347","3629","98","40","2886","1394","0","2300"
"2019","11560","영등포","1","아동정원수","12014","4008","123","70","3375","1558","0","2880"
"2019","11545","금천","3","정원충족률","82.35%","86.65%","91.93%","80.31%","77.48%","87.11%","0.%","73.82%"
"2019","11545","금천","2","아동현원수","6424","2551","205","518","2161","676","0","313"
"2019","11545","금천","1","아동정원수","7801","2944","223","645","2789","776","0","424"
"2019","11530","구로","3","정원충족률","87.58%","92.17%","93.31%","84.72%","84.07%","89.5%","98.98%","67.3%"
"2019","11530","구로","2","아동현원수","11436","4237","279","366","3980","2123","97","354"
"2019","11530","구로","1","아동정원수","13058","4597","299","432","4734","2372","98","526"
"2019","11500","강서","3","정원충족률","85.93%","88.54%","91.18%","87.12%","84.62%","86.82%","77.03%","79.83%"
"2019","11500","강서","2","아동현원수","14775","4196","248","203","6427","2827","114","760"
"2019","11500","강서","1","아동정원수","17195","4739","272","233","7595","3256","148","952"
"2019","11470","양천","3","정원충족률","83.69%","85.84%","0.%","93.65%","81.52%","83.28%","100.%","80.72%"
"2019","11470","양천","2","아동현원수","9966","4063","0","59","3378","2182","16","268"
"2019","11470","양천","1","아동정원수","11908","4733","0","63","4144","2620","16","332"
"2019","11440","마포","3","정원충족률","86.29%","86.77%","0.%","78.41%","88.59%","92.23%","94.77%","68.53%"
"2019","11440","마포","2","아동현원수","8081","3868","0","178","2105","1210","145","575"
"2019","11440","마포","1","아동정원수","9365","4458","0","227","2376","1312","153","839"
"2019","11410","서대문","3","정원충족률","88.93%","90.59%","0.%","89.02%","87.37%","94.8%","72.41%","79.01%"
"2019","11410","서대문","1","아동정원수","6937","3124","0","82","2447","731","29","524"
"2019","11380","은평","3","정원충족률","83.03%","88.52%","0.%","83.99%","81.78%","76.57%","58.97%","69.57%"
"2019","11380","은평","2","아동현원수","11118","3201","0","299","6646","853","23","96"
"2019","11380","은평","1","아동정원수","13390","3616","0","356","8127","1114","39","138"
"2019","11350","노원","3","정원충족률","85.15%","88.59%","81.73%","0.%","83.29%","83.53%","93.33%","73.89%"
"2019","11350","노원","2","아동현원수","10609","4285","170","0","2508","3352","28","266"
"2019","11350","노원","1","아동정원수","12459","4837","208","0","3011","4013","30","360"
"2019","11320","도봉","3","정원충족률","82.07%","92.15%","78.79%","80.6%","76.2%","80.54%","100.%","82.32%"
"2019","11320","도봉","2","아동현원수","7747","2675","26","54","3512","1316","29","135"
"2019","11320","도봉","1","아동정원수","9439","2903","33","67","4609","1634","29","164"
"2019","11305","강북","3","정원충족률","85.45%","89.18%","86.49%","78.15%","84.54%","79.02%","85.19%","63.37%"
"2019","11305","강북","2","아동현원수","6823","2480","64","93","3681","418","23","64"
"2019","11305","강북","1","아동정원수","7985","2781","74","119","4354","529","27","101"
"2019","11290","성북","3","정원충족률","84.79%","84.87%","89.91%","88.52%","82.6%","88.49%","72.%","72.56%"
"2019","11290","성북","2","아동현원수","9039","3791","98","794","2558","1561","36","201"
"2019","11290","성북","1","아동정원수","10661","4467","109","897","3097","1764","50","277"
"2019","11260","중랑","3","정원충족률","85.89%","86.73%","0.%","88.31%","84.25%","90.98%","92.31%","73.28%"
"2019","11260","중랑","2","아동현원수","9425","3195","0","287","4408","1341","24","170"
"2019","11260","중랑","1","아동정원수","10973","3684","0","325","5232","1474","26","232"
"2019","11230","동대문","3","정원충족률","85.11%","88.68%","0.%","75.49%","82.15%","86.9%","0.%","73.51%"
"2019","11230","동대문","2","아동현원수","7568","3260","0","154","2591","1280","0","283"
"2019","11230","동대문","1","아동정원수","8892","3676","0","204","3154","1473","0","385"
"2019","11215","광진","3","정원충족률","85.%","90.81%","0.%","85.%","82.01%","85.19%","65.31%","68.18%"
"2019","11215","광진","2","아동현원수","7080","2510","0","17","3574","857","32","90"
"2019","11215","광진","1","아동정원수","8329","2764","0","20","4358","1006","49","132"
"2019","11200","성동","3","정원충족률","86.34%","86.97%","0.%","72.77%","85.53%","92.25%","0.%","69.46%"
"2019","11200","성동","2","아동현원수","7005","4012","0","147","1531","1083","0","232"
"2019","11200","성동","1","아동정원수","8113","4613","0","202","1790","1174","0","334"
"2019","11170","용산","3","정원충족률","88.3%","90.15%","86.52%","87.46%","89.17%","89.93%","90.91%","80.64%"
"2019","11170","용산","2","아동현원수","4610","1776","77","293","1013","813","30","608"
"2019","11170","용산","1","아동정원수","5221","1970","89","335","1136","904","33","754"
"2019","11140","중구","3","정원충족률","78.76%","83.23%","0.%","82.01%","78.78%","96.59%","0.%","69.45%"
"2019","11140","중구","2","아동현원수","3512","1692","0","310","271","198","0","1041"
"2019","11140","중구","1","아동정원수","4459","2033","0","378","344","205","0","1499"
"2019","11110","종로","3","정원충족률","73.37%","75.43%","46.%","60.4%","79.46%","72.86%","0.%","72.12%"
"2019","11110","종로","2","아동현원수","3581","1747","46","90","294","51","0","1353"
"2019","11110","종로","1","아동정원수","4881","2316","100","149","370","70","0","1876"
"2019","11000","계","3","정원충족률","85.43%","88.48%","83.6%","82.89%","83.93%","87.04%","81.57%","75.15%"
"2019","11000","계","2","아동현원수","217444","85465","1580","4872","77121","33223","850","14333"
"2019","11000","계","1","아동정원수","254538","96595","1890","5878","91892","38168","1042","19073"
"2018","11000","계","2","아동현원수","226959","79732","1714","4997","87658","38323","826","13709"
"2018","11740","강동","3","정원충족률","87.36%","90.65%","94.25%","83.93%","85.3%","90.55%","85.%","72.92%"
"2018","11740","강동","2","아동현원수","11542","3566","82","141","5664","1792","17","280"
"2018","11740","강동","1","아동정원수","13212","3934","87","168","6640","1979","20","384"
"2018","11710","송파","3","정원충족률","90.51%","93.6%","96.2%","95.51%","88.74%","93.67%","73.42%","81.6%"
"2018","11710","송파","2","아동현원수","15307","4329","76","149","6564","3080","58","1051"
"2018","11710","송파","1","아동정원수","16912","4625","79","156","7397","3288","79","1288"
"2018","11680","강남","3","정원충족률","81.03%","88.21%","0.%","0.%","78.31%","83.28%","88.41%","66.7%"
"2018","11680","강남","2","아동현원수","9371","4018","0","0","3022","1076","61","1194"
"2018","11680","강남","1","아동정원수","11565","4555","0","0","3859","1292","69","1790"
"2018","11650","서초","3","정원충족률","85.79%","88.9%","0.%","93.25%","87.72%","91.01%","87.8%","72.03%"
"2018","11650","서초","2","아동현원수","9040","4307","0","221","1900","1103","72","1437"
"2018","11650","서초","1","아동정원수","10537","4845","0","237","2166","1212","82","1995"
"2018","11620","관악","3","정원충족률","84.9%","87.62%","69.23%","80.22%","83.91%","86.01%","56.25%","74.85%"
"2018","11620","관악","2","아동현원수","9820","3806","27","365","3483","1636","9","494"
"2018","11620","관악","1","아동정원수","11567","4344","39","455","4151","1902","16","660"
"2018","11590","동작","3","정원충족률","87.9%","89.81%","83.5%","91.09%","84.94%","90.4%","81.63%","89.26%"
"2018","11590","동작","2","아동현원수","8398","3368","86","92","3159","1412","40","241"
"2018","11590","동작","1","아동정원수","9554","3750","103","101","3719","1562","49","270"
"2018","11560","영등포","3","정원충족률","87.05%","88.9%","84.55%","100.%","89.37%","91.49%","0.%","78.47%"
"2018","11560","영등포","2","아동현원수","10469","3299","104","40","3252","1634","0","2140"
"2018","11560","영등포","1","아동정원수","12026","3711","123","40","3639","1786","0","2727"
"2018","11545","금천","3","정원충족률","84.21%","88.58%","98.65%","84.59%","80.04%","87.71%","57.14%","73.09%"
"2018","11545","금천","2","아동현원수","6722","2357","220","549","2495","778","8","315"
"2018","11545","금천","1","아동정원수","7982","2661","223","649","3117","887","14","431"
"2018","11530","구로","3","정원충족률","89.02%","91.4%","89.71%","83.37%","89.18%","91.48%","91.45%","61.22%"
"2018","11530","구로","2","아동현원수","11886","3697","279","411","4675","2395","107","322"
"2018","11530","구로","1","아동정원수","13352","4045","311","493","5242","2618","117","526"
"2018","11500","강서","3","정원충족률","86.73%","91.27%","95.22%","97.48%","85.95%","89.18%","64.08%","63.56%"
"2018","11500","강서","2","아동현원수","15583","3952","259","116","7196","3347","66","647"
"2018","11500","강서","1","아동정원수","17967","4330","272","119","8372","3753","103","1018"
"2018","11470","양천","3","정원충족률","86.62%","86.27%","0.%","84.13%","86.11%","88.49%","100.%","82.59%"
"2018","11470","양천","2","아동현원수","10853","3984","0","53","4048","2491","16","261"
"2018","11470","양천","1","아동정원수","12529","4618","0","63","4701","2815","16","316"
"2018","11440","마포","3","정원충족률","88.1%","87.71%","0.%","78.85%","90.47%","94.38%","94.77%","71.47%"
"2018","11440","마포","2","아동현원수","8224","3819","0","179","2259","1311","145","511"
"2018","11440","마포","1","아동정원수","9335","4354","0","227","2497","1389","153","715"
"2018","11410","서대문","3","정원충족률","89.22%","92.19%","0.%","71.15%","86.96%","95.34%","80.%","79.58%"
"2018","11000","계","1","아동정원수","263157","89293","1948","5909","103278","42957","1038","18734"
"2018","11410","서대문","2","아동현원수","6346","2702","0","111","2281","819","16","417"
"2018","11410","서대문","1","아동정원수","7113","2931","0","156","2623","859","20","524"
"2018","11380","은평","3","정원충족률","84.12%","92.5%","63.64%","84.05%","82.6%","80.58%","82.05%","61.11%"
"2018","11380","은평","2","아동현원수","11719","2579","63","195","7730","1054","32","66"
"2018","11380","은평","1","아동정원수","13932","2788","99","232","9358","1308","39","108"
"2018","11350","노원","3","정원충족률","86.63%","90.88%","89.36%","0.%","83.66%","85.93%","90.%","72.78%"
"2018","11350","노원","2","아동현원수","11689","3977","168","0","3042","4213","27","262"
"2018","11350","노원","1","아동정원수","13493","4376","188","0","3636","4903","30","360"
"2018","11320","도봉","3","정원충족률","83.29%","94.04%","72.73%","75.68%","79.05%","83.3%","96.55%","68.56%"
"2018","11320","도봉","2","아동현원수","8350","2271","24","56","4207","1631","28","133"
"2018","11320","도봉","1","아동정원수","10025","2415","33","74","5322","1958","29","194"
"2018","11305","강북","3","정원충족률","85.17%","89.4%","98.65%","73.89%","83.98%","82.28%","88.89%","65.35%"
"2018","11305","강북","2","아동현원수","7260","2253","73","116","4115","613","24","66"
"2018","11305","강북","1","아동정원수","8524","2520","74","157","4900","745","27","101"
"2018","11290","성북","3","정원충족률","86.98%","86.33%","94.5%","87.25%","86.16%","92.52%","59.65%","72.92%"
"2018","11290","성북","2","아동현원수","9470","3529","103","876","3056","1670","34","202"
"2018","11290","성북","1","아동정원수","10887","4088","109","1004","3547","1805","57","277"
"2018","11260","중랑","3","정원충족률","86.86%","91.%","0.%","92.03%","83.62%","89.58%","0.%","87.79%"
"2018","11260","중랑","2","아동현원수","9986","2982","0","254","5078","1521","0","151"
"2018","11260","중랑","1","아동정원수","11496","3277","0","276","6073","1698","0","172"
"2018","11230","동대문","3","정원충족률","85.58%","88.93%","0.%","79.9%","81.92%","89.25%","0.%","73.51%"
"2018","11230","동대문","2","아동현원수","7997","3293","0","163","2805","1453","0","283"
"2018","11230","동대문","1","아동정원수","9344","3703","0","204","3424","1628","0","385"
"2018","11215","광진","3","정원충족률","86.8%","88.07%","0.%","100.%","86.33%","89.97%","43.53%","78.03%"
"2018","11215","광진","2","아동현원수","7548","2303","0","20","4098","987","37","103"
"2018","11215","광진","1","아동정원수","8696","2615","0","20","4747","1097","85","132"
"2018","11200","성동","3","정원충족률","86.93%","87.8%","0.%","78.71%","83.62%","95.95%","0.%","66.37%"
"2018","11200","성동","2","아동현원수","7286","4058","0","159","1664","1184","0","221"
"2018","11200","성동","1","아동정원수","8381","4622","0","202","1990","1234","0","333"
"2018","11170","용산","3","정원충족률","87.7%","90.86%","82.02%","84.24%","89.59%","90.59%","87.88%","75.16%"
"2018","11170","용산","2","아동현원수","4764","1790","73","294","1162","838","29","578"
"2018","11170","용산","1","아동정원수","5432","1970","89","349","1297","925","33","769"
"2018","11140","중구","3","정원충족률","79.65%","85.1%","0.%","84.39%","79.95%","93.44%","0.%","67.7%"
"2018","11140","중구","2","아동현원수","3500","1702","0","319","335","228","0","916"
"2018","11140","중구","1","아동정원수","4394","2000","0","378","419","244","0","1353"
"2018","11110","종로","3","정원충족률","78.11%","80.82%","64.71%","79.19%","83.26%","81.43%","0.%","74.4%"
"2018","11110","종로","2","아동현원수","3829","1791","77","118","368","57","0","1418"
"2018","11110","종로","1","아동정원수","4902","2216","119","149","442","70","0","1906"
"2018","11000","계","3","정원충족률","86.24%","89.29%","87.99%","84.57%","84.88%","89.21%","79.58%","73.18%"
"2017","11560","영등포","2","아동현원수","10517","2871","106","40","3752","1688","0","2060"
"2017","11740","강동","3","정원충족률","88.81%","91.58%","88.51%","87.5%","87.47%","89.47%","0.%","81.69%"
"2017","11740","강동","2","아동현원수","11918","3251","77","147","6263","2006","0","174"
"2017","11740","강동","1","아동정원수","13420","3550","87","168","7160","2242","0","213"
"2017","11710","송파","3","정원충족률","91.25%","95.29%","97.47%","96.15%","89.53%","95.43%","81.01%","76.79%"
"2017","11710","송파","2","아동현원수","15420","3800","77","150","6856","3484","64","989"
"2017","11710","송파","1","아동정원수","16899","3988","79","156","7658","3651","79","1288"
"2017","11680","강남","3","정원충족률","85.95%","91.28%","0.%","0.%","85.57%","89.79%","86.96%","68.88%"
"2017","11680","강남","2","아동현원수","9972","4095","0","0","3332","1345","60","1140"
"2017","11680","강남","1","아동정원수","11602","4486","0","0","3894","1498","69","1655"
"2017","11650","서초","3","정원충족률","87.08%","90.3%","0.%","99.16%","91.4%","94.13%","91.46%","68.36%"
"2017","11650","서초","2","아동현원수","8956","3667","0","235","2189","1427","75","1363"
"2017","11650","서초","1","아동정원수","10285","4061","0","237","2395","1516","82","1994"
"2017","11620","관악","3","정원충족률","87.67%","91.76%","38.01%","77.36%","86.82%","90.81%","0.%","78.64%"
"2017","11620","관악","2","아동현원수","10381","3732","65","352","3894","1819","0","519"
"2017","11620","관악","1","아동정원수","11841","4067","171","455","4485","2003","0","660"
"2017","11590","동작","3","정원충족률","90.77%","93.95%","89.32%","96.04%","87.82%","91.95%","81.63%","82.96%"
"2017","11590","동작","2","아동현원수","8847","3450","92","97","3424","1520","40","224"
"2017","11590","동작","1","아동정원수","9747","3672","103","101","3899","1653","49","270"
"2017","11560","영등포","3","정원충족률","86.45%","85.47%","86.18%","100.%","89.59%","91.34%","0.%","79.02%"
"2017","11560","영등포","1","아동정원수","12165","3359","123","40","4188","1848","0","2607"
"2017","11545","금천","3","정원충족률","85.21%","90.58%","97.76%","79.44%","81.92%","89.05%","71.43%","75.64%"
"2017","11545","금천","2","아동현원수","7110","2278","218","622","2786","870","10","326"
"2017","11545","금천","1","아동정원수","8344","2515","223","783","3401","977","14","431"
"2017","11530","구로","3","정원충족률","91.78%","94.63%","89.39%","84.99%","90.64%","95.37%","100.%","70.72%"
"2017","11530","구로","2","아동현원수","12577","3523","278","419","5172","2696","117","372"
"2017","11530","구로","1","아동정원수","13703","3723","311","493","5706","2827","117","526"
"2017","11500","강서","3","정원충족률","89.38%","92.05%","96.69%","88.24%","87.52%","93.45%","66.67%","66.54%"
"2017","11500","강서","2","아동현원수","15899","3912","263","150","7593","3611","26","344"
"2017","11500","강서","1","아동정원수","17788","4250","272","170","8676","3864","39","517"
"2017","11470","양천","3","정원충족률","87.89%","88.8%","0.%","72.16%","85.75%","91.89%","100.%","79.45%"
"2017","11470","양천","2","아동현원수","11397","3765","0","70","4662","2652","16","232"
"2017","11470","양천","1","아동정원수","12968","4240","0","97","5437","2886","16","292"
"2017","11440","마포","3","정원충족률","87.1%","89.19%","0.%","70.68%","91.25%","92.67%","92.81%","56.6%"
"2017","11440","마포","2","아동현원수","8236","3671","0","188","2471","1314","142","450"
"2017","11440","마포","1","아동정원수","9456","4116","0","266","2708","1418","153","795"
"2017","11410","서대문","3","정원충족률","88.73%","91.29%","0.%","80.77%","86.21%","95.59%","80.%","79.58%"
"2017","11410","서대문","2","아동현원수","6541","2567","0","126","2526","889","16","417"
"2017","11410","서대문","1","아동정원수","7372","2812","0","156","2930","930","20","524"
"2017","11380","은평","3","정원충족률","85.53%","92.%","95.96%","84.91%","84.42%","83.14%","87.18%","78.95%"
"2017","11380","은평","2","아동현원수","12236","2059","95","197","8479","1312","34","60"
"2017","11380","은평","1","아동정원수","14306","2238","99","232","10044","1578","39","76"
"2017","11350","노원","3","정원충족률","88.%","92.62%","87.77%","100.%","84.13%","89.47%","100.%","65.83%"
"2017","11350","노원","2","아동현원수","12483","3525","165","20","3869","4637","30","237"
"2017","11350","노원","1","아동정원수","14186","3806","188","20","4599","5183","30","360"
"2017","11320","도봉","3","정원충족률","85.41%","94.19%","66.67%","87.84%","81.72%","87.22%","82.05%","68.04%"
"2017","11320","도봉","2","아동현원수","8795","2139","22","65","4439","1966","32","132"
"2017","11320","도봉","1","아동정원수","10297","2271","33","74","5432","2254","39","194"
"2017","11305","강북","3","정원충족률","86.59%","92.47%","79.73%","84.08%","85.25%","82.44%","100.%","64.36%"
"2017","11305","강북","2","아동현원수","7635","2136","59","132","4479","737","27","65"
"2017","11305","강북","1","아동정원수","8817","2310","74","157","5254","894","27","101"
"2017","11290","성북","3","정원충족률","86.31%","88.99%","67.4%","88.46%","84.13%","90.15%","62.16%","66.23%"
"2017","11290","성북","2","아동현원수","10053","3224","122","912","3685","1885","23","202"
"2017","11290","성북","1","아동정원수","11648","3623","181","1031","4380","2091","37","305"
"2017","11260","중랑","3","정원충족률","88.24%","92.01%","69.3%","91.67%","86.14%","89.76%","0.%","87.97%"
"2017","11260","중랑","2","아동현원수","10467","2845","79","253","5451","1700","0","139"
"2017","11260","중랑","1","아동정원수","11862","3092","114","276","6328","1894","0","158"
"2017","11230","동대문","3","정원충족률","86.76%","88.89%","0.%","80.39%","85.31%","91.04%","0.%","66.38%"
"2017","11230","동대문","2","아동현원수","8167","2759","0","164","3385","1626","0","233"
"2017","11230","동대문","1","아동정원수","9413","3104","0","204","3968","1786","0","351"
"2017","11215","광진","3","정원충족률","86.4%","89.29%","0.%","45.58%","86.25%","89.6%","64.71%","70.45%"
"2017","11215","광진","2","아동현원수","7951","2092","0","67","4541","1103","55","93"
"2017","11215","광진","1","아동정원수","9203","2343","0","147","5265","1231","85","132"
"2017","11200","성동","3","정원충족률","88.12%","90.1%","0.%","78.22%","85.31%","95.06%","0.%","60.06%"
"2017","11200","성동","2","아동현원수","7264","3760","0","158","1876","1270","0","200"
"2017","11200","성동","1","아동정원수","8243","4173","0","202","2199","1336","0","333"
"2017","11170","용산","3","정원충족률","85.58%","84.73%","84.27%","84.49%","88.97%","93.27%","84.85%","71.39%"
"2017","11170","용산","2","아동현원수","4753","1631","75","316","1274","915","28","514"
"2017","11170","용산","1","아동정원수","5554","1925","89","374","1432","981","33","720"
"2017","11140","중구","3","정원충족률","82.01%","87.94%","0.%","88.36%","86.87%","93.94%","0.%","67.19%"
"2017","11140","중구","2","아동현원수","3509","1699","0","334","364","248","0","864"
"2017","11140","중구","1","아동정원수","4279","1932","0","378","419","264","0","1286"
"2017","11110","종로","3","정원충족률","80.46%","84.2%","71.43%","82.55%","85.96%","93.33%","0.%","74.74%"
"2017","11110","종로","2","아동현원수","3783","1647","85","123","453","84","0","1391"
"2017","11110","종로","1","아동정원수","4702","1956","119","149","527","90","0","1861"
"2017","11000","계","3","정원충족률","87.6%","90.79%","82.88%","83.84%","86.5%","91.28%","85.67%","72.19%"
"2017","11000","계","2","아동현원수","234867","74098","1878","5337","97215","42804","795","12740"
"2017","11000","계","1","아동정원수","268100","81612","2266","6366","112384","46895","928","17649"
"2016","11000","계","1","아동정원수","270231","74851","2327","7035","117842","51025","903","16248"
"2016","11740","강동","3","정원충족률","87.33%","85.75%","93.1%","90.48%","86.68%","91.1%","0.%","87.93%"
"2016","11740","강동","2","아동현원수","11699","2841","81","152","6334","2138","0","153"
"2016","11740","강동","1","아동정원수","13396","3313","87","168","7307","2347","0","174"
"2016","11710","송파","3","정원충족률","90.69%","93.79%","96.2%","98.47%","88.69%","95.3%","87.1%","77.99%"
"2016","11710","송파","2","아동현원수","14917","3203","76","193","6913","3626","27","879"
"2016","11710","송파","1","아동정원수","16448","3415","79","196","7795","3805","31","1127"
"2016","11680","강남","3","정원충족률","86.65%","92.42%","0.%","0.%","85.69%","93.18%","93.33%","65.78%"
"2016","11680","강남","2","아동현원수","10219","4146","0","0","3473","1504","56","1040"
"2016","11680","강남","1","아동정원수","11794","4486","0","0","4053","1614","60","1581"
"2016","11650","서초","3","정원충족률","88.46%","92.87%","0.%","97.47%","92.8%","96.93%","93.9%","66.53%"
"2016","11650","서초","2","아동현원수","8804","3268","0","231","2383","1547","77","1298"
"2016","11650","서초","1","아동정원수","9953","3519","0","237","2568","1596","82","1951"
"2016","11620","관악","3","정원충족률","88.95%","88.52%","56.14%","80.15%","90.62%","93.68%","91.89%","79.24%"
"2016","11620","관악","2","아동현원수","10520","3200","96","420","4201","2046","34","523"
"2016","11620","관악","1","아동정원수","11827","3615","171","524","4636","2184","37","660"
"2016","11590","동작","3","정원충족률","88.27%","94.41%","90.29%","85.15%","83.45%","91.61%","81.63%","67.41%"
"2016","11590","동작","2","아동현원수","8826","3174","93","86","3581","1670","40","182"
"2016","11590","동작","1","아동정원수","9999","3362","103","101","4291","1823","49","270"
"2016","11560","영등포","3","정원충족률","85.24%","86.01%","86.99%","85.45%","87.98%","89.22%","0.%","76.01%"
"2016","11560","영등포","2","아동현원수","10273","2477","107","94","3922","1804","0","1869"
"2016","11560","영등포","1","아동정원수","12052","2880","123","110","4458","2022","0","2459"
"2016","11545","금천","3","정원충족률","84.41%","87.23%","98.65%","80.7%","83.48%","85.89%","64.29%","71.99%"
"2016","11545","금천","2","아동현원수","7045","2077","220","690","2885","889","9","275"
"2016","11545","금천","1","아동정원수","8346","2381","223","855","3456","1035","14","382"
"2016","11530","구로","3","정원충족률","91.73%","92.42%","89.07%","73.54%","92.55%","93.86%","99.15%","82.67%"
"2016","11530","구로","2","아동현원수","12836","3257","277","417","5407","3009","116","353"
"2016","11530","구로","1","아동정원수","13994","3524","311","567","5842","3206","117","427"
"2016","11500","강서","3","정원충족률","88.82%","86.72%","94.86%","92.94%","89.43%","92.67%","88.24%","59.34%"
"2016","11500","강서","2","아동현원수","15707","3508","277","158","7906","3542","30","286"
"2016","11500","강서","1","아동정원수","17685","4045","292","170","8840","3822","34","482"
"2016","11470","양천","3","정원충족률","87.77%","87.49%","0.%","67.01%","87.75%","89.26%","100.%","81.64%"
"2016","11470","양천","2","아동현원수","11667","3512","0","65","5048","2817","16","209"
"2016","11470","양천","1","아동정원수","13292","4014","0","97","5753","3156","16","256"
"2016","11440","마포","3","정원충족률","87.%","89.41%","0.%","65.15%","87.64%","89.74%","94.77%","75.56%"
"2016","11440","마포","2","아동현원수","8442","3193","0","329","2829","1575","145","371"
"2016","11440","마포","1","아동정원수","9703","3571","0","505","3228","1755","153","491"
"2016","11410","서대문","3","정원충족률","87.83%","90.31%","0.%","78.85%","86.24%","92.07%","90.%","79.39%"
"2016","11410","서대문","2","아동현원수","6421","2219","0","123","2658","987","18","416"
"2016","11410","서대문","1","아동정원수","7311","2457","0","156","3082","1072","20","524"
"2016","11380","은평","3","정원충족률","84.96%","91.21%","91.6%","90.09%","83.88%","83.75%","89.74%","81.58%"
"2016","11380","은평","2","아동현원수","12746","1733","120","209","9098","1489","35","62"
"2016","11380","은평","1","아동정원수","15002","1900","131","232","10846","1778","39","76"
"2016","11350","노원","3","정원충족률","88.31%","92.%","90.96%","100.%","85.74%","88.39%","100.%","78.97%"
"2016","11350","노원","2","아동현원수","12748","3289","171","20","4024","4985","30","229"
"2016","11350","노원","1","아동정원수","14436","3575","188","20","4693","5640","30","290"
"2016","11320","도봉","3","정원충족률","85.78%","90.66%","72.73%","93.24%","85.11%","85.23%","74.36%","62.89%"
"2016","11320","도봉","2","아동현원수","9044","1844","24","69","4774","2182","29","122"
"2016","11320","도봉","1","아동정원수","10543","2034","33","74","5609","2560","39","194"
"2016","11305","강북","3","정원충족률","88.14%","92.16%","83.78%","90.31%","88.33%","83.24%","96.3%","48.51%"
"2016","11305","강북","2","아동현원수","7948","1834","62","177","4891","909","26","49"
"2016","11305","강북","1","아동정원수","9017","1990","74","196","5537","1092","27","101"
"2016","11290","성북","3","정원충족률","87.21%","91.66%","80.%","87.06%","84.06%","91.32%","62.16%","56.44%"
"2016","11290","성북","2","아동현원수","10494","3109","152","955","3876","2230","23","149"
"2016","11290","성북","1","아동정원수","12033","3392","190","1097","4611","2442","37","264"
"2016","11260","중랑","3","정원충족률","88.23%","92.08%","69.3%","90.58%","86.62%","88.76%","0.%","88.61%"
"2016","11260","중랑","2","아동현원수","10558","2627","79","250","5678","1784","0","140"
"2016","11260","중랑","1","아동정원수","11966","2853","114","276","6555","2010","0","158"
"2016","11230","동대문","3","정원충족률","87.43%","87.64%","0.%","89.22%","86.23%","91.98%","0.%","73.01%"
"2016","11230","동대문","2","아동현원수","8364","2602","0","182","3576","1766","0","238"
"2016","11230","동대문","1","아동정원수","9566","2969","0","204","4147","1920","0","326"
"2016","11215","광진","3","정원충족률","86.54%","87.17%","0.%","45.58%","86.76%","91.17%","74.12%","73.48%"
"2016","11215","광진","2","아동현원수","8046","1930","0","67","4661","1228","63","97"
"2016","11215","광진","1","아동정원수","9297","2214","0","147","5372","1347","85","132"
"2016","11200","성동","3","정원충족률","86.67%","86.99%","0.%","86.63%","84.38%","90.92%","0.%","78.72%"
"2016","11200","성동","2","아동현원수","7049","3437","0","175","1971","1281","0","185"
"2016","11200","성동","1","아동정원수","8133","3951","0","202","2336","1409","0","235"
"2016","11170","용산","3","정원충족률","90.06%","90.87%","94.38%","90.11%","90.5%","93.45%","72.73%","81.79%"
"2016","11170","용산","2","아동현원수","4830","1503","84","337","1457","913","24","512"
"2016","11170","용산","1","아동정원수","5363","1654","89","374","1610","977","33","626"
"2016","11140","중구","3","정원충족률","83.32%","89.98%","0.%","85.45%","91.7%","96.82%","0.%","67.15%"
"2016","11140","중구","2","아동현원수","3446","1589","0","323","420","274","0","840"
"2016","11140","중구","1","아동정원수","4136","1766","0","378","458","283","0","1251"
"2016","11110","종로","3","정원충족률","78.98%","84.63%","72.27%","84.56%","80.24%","68.46%","0.%","73.05%"
"2016","11110","종로","2","아동현원수","3901","1668","86","126","609","89","0","1323"
"2016","11110","종로","1","아동정원수","4939","1971","119","149","759","130","0","1811"
"2016","11000","계","3","정원충족률","87.54%","89.83%","86.16%","83.13%","87.04%","90.71%","88.37%","72.62%"
"2016","11000","계","2","아동현원수","236550","67240","2005","5848","102575","46284","798","11800"
"2015","11170","용산","2","아동현원수","4883","1451","82","346","1585","919","22","478"
"2015","11740","강동","3","정원충족률","84.47%","81.67%","89.66%","87.5%","84.04%","88.28%","0.%","86.21%"
"2015","11740","강동","2","아동현원수","11525","2362","78","147","6445","2343","0","150"
"2015","11740","강동","1","아동정원수","13644","2892","87","168","7669","2654","0","174"
"2015","11710","송파","3","정원충족률","90.88%","95.47%","98.73%","88.78%","90.41%","90.04%","0.%","82.12%"
"2015","11710","송파","2","아동현원수","15215","3122","78","174","7220","3886","0","735"
"2015","11710","송파","1","아동정원수","16742","3270","79","196","7986","4316","0","895"
"2015","11680","강남","3","정원충족률","86.56%","90.92%","0.%","0.%","84.91%","92.7%","91.67%","69.51%"
"2015","11680","강남","2","아동현원수","10134","4155","0","0","3365","1574","55","985"
"2015","11680","강남","1","아동정원수","11708","4570","0","0","3963","1698","60","1417"
"2015","11650","서초","3","정원충족률","90.26%","95.54%","0.%","97.47%","90.31%","95.08%","90.24%","73.28%"
"2015","11650","서초","2","아동현원수","8656","2935","0","231","2563","1701","74","1152"
"2015","11650","서초","1","아동정원수","9590","3072","0","237","2838","1789","82","1572"
"2015","11620","관악","3","정원충족률","89.3%","90.27%","71.93%","84.4%","89.95%","90.56%","94.59%","83.79%"
"2015","11620","관악","2","아동현원수","10683","3145","123","514","4163","2150","35","553"
"2015","11620","관악","1","아동정원수","11963","3484","171","609","4628","2374","37","660"
"2015","11590","동작","3","정원충족률","87.49%","92.53%","86.41%","87.13%","83.48%","91.09%","83.67%","68.29%"
"2015","11590","동작","2","아동현원수","8873","2948","89","88","3760","1779","41","168"
"2015","11590","동작","1","아동정원수","10142","3186","103","101","4504","1953","49","246"
"2015","11560","영등포","3","정원충족률","83.49%","77.45%","89.43%","81.33%","85.1%","91.78%","0.%","79.2%"
"2015","11560","영등포","2","아동현원수","9954","1999","110","135","4181","1831","0","1698"
"2015","11560","영등포","1","아동정원수","11922","2581","123","166","4913","1995","0","2144"
"2015","11545","금천","3","정원충족률","82.46%","83.48%","98.65%","77.91%","81.15%","87.42%","42.86%","73.87%"
"2015","11545","금천","2","아동현원수","7153","1688","220","744","3026","1223","6","246"
"2015","11545","금천","1","아동정원수","8675","2022","223","955","3729","1399","14","333"
"2015","11530","구로","3","정원충족률","90.37%","91.16%","90.03%","86.07%","89.16%","93.73%","95.73%","78.88%"
"2015","11530","구로","2","아동현원수","12801","3082","280","488","5373","3141","112","325"
"2015","11530","구로","1","아동정원수","14165","3381","311","567","6026","3351","117","412"
"2015","11500","강서","3","정원충족률","89.04%","90.67%","97.26%","97.06%","87.35%","92.43%","82.35%","65.05%"
"2015","11500","강서","2","아동현원수","15561","3286","284","165","7850","3734","28","214"
"2015","11500","강서","1","아동정원수","17476","3624","292","170","8987","4040","34","329"
"2015","11470","양천","3","정원충족률","87.39%","88.23%","0.%","72.16%","85.71%","90.06%","100.%","82.13%"
"2015","11470","양천","2","아동현원수","11790","3223","0","70","5140","3171","16","170"
"2015","11470","양천","1","아동정원수","13491","3653","0","97","5997","3521","16","207"
"2015","11440","마포","3","정원충족률","84.66%","87.19%","0.%","71.75%","85.21%","87.33%","92.16%","67.16%"
"2015","11440","마포","2","아동현원수","8637","3035","0","419","3048","1634","141","360"
"2015","11440","마포","1","아동정원수","10202","3481","0","584","3577","1871","153","536"
"2015","11410","서대문","3","정원충족률","83.5%","86.27%","0.%","79.49%","82.1%","84.42%","85.%","78.74%"
"2015","11410","서대문","2","아동현원수","6467","2068","0","124","2834","1035","17","389"
"2015","11410","서대문","1","아동정원수","7745","2397","0","156","3452","1226","20","494"
"2015","11380","은평","3","정원충족률","85.45%","92.85%","90.08%","90.81%","84.42%","83.32%","84.62%","86.84%"
"2015","11380","은평","2","아동현원수","13004","1662","118","247","9250","1628","33","66"
"2015","11380","은평","1","아동정원수","15219","1790","131","272","10957","1954","39","76"
"2015","11350","노원","3","정원충족률","87.36%","87.53%","89.91%","100.%","86.95%","87.66%","100.%","80.5%"
"2015","11350","노원","2","아동현원수","12927","2844","205","20","4166","5468","30","194"
"2015","11350","노원","1","아동정원수","14797","3249","228","20","4791","6238","30","241"
"2015","11320","도봉","3","정원충족률","84.56%","93.45%","63.64%","90.54%","82.91%","82.16%","94.74%","97.14%"
"2015","11320","도봉","2","아동현원수","9155","1670","21","67","4967","2344","18","68"
"2015","11320","도봉","1","아동정원수","10827","1787","33","74","5991","2853","19","70"
"2015","11305","강북","3","정원충족률","88.38%","92.93%","89.19%","88.27%","87.83%","84.48%","100.%","86.54%"
"2015","11305","강북","2","아동현원수","8227","1655","66","173","5140","1121","27","45"
"2015","11305","강북","1","아동정원수","9309","1781","74","196","5852","1327","27","52"
"2015","11290","성북","3","정원충족률","86.16%","83.54%","79.47%","89.79%","85.99%","89.06%","70.27%","79.31%"
"2015","11290","성북","2","아동현원수","10764","2787","151","1020","4124","2541","26","115"
"2015","11290","성북","1","아동정원수","12493","3336","190","1136","4796","2853","37","145"
"2015","11260","중랑","3","정원충족률","87.57%","89.92%","79.82%","89.49%","85.56%","90.92%","0.%","89.24%"
"2015","11260","중랑","2","아동현원수","10565","2515","91","247","5689","1882","0","141"
"2015","11260","중랑","1","아동정원수","12064","2797","114","276","6649","2070","0","158"
"2015","11230","동대문","3","정원충족률","86.5%","89.12%","0.%","83.82%","83.81%","90.36%","0.%","76.17%"
"2015","11230","동대문","2","아동현원수","8444","2506","0","171","3701","1855","0","211"
"2015","11230","동대문","1","아동정원수","9762","2812","0","204","4416","2053","0","277"
"2015","11215","광진","3","정원충족률","86.66%","90.57%","0.%","47.62%","85.94%","89.31%","83.53%","73.48%"
"2015","11215","광진","2","아동현원수","8134","1843","0","70","4767","1286","71","97"
"2015","11215","광진","1","아동정원수","9386","2035","0","147","5547","1440","85","132"
"2015","11200","성동","3","정원충족률","84.17%","81.87%","0.%","82.18%","83.91%","92.23%","0.%","77.7%"
"2015","11200","성동","2","아동현원수","7005","3282","0","166","1919","1401","0","237"
"2015","11200","성동","1","아동정원수","8322","4009","0","202","2287","1519","0","305"
"2015","11170","용산","3","정원충족률","87.92%","90.63%","92.13%","92.51%","84.58%","94.06%","66.67%","78.88%"
"2015","11170","용산","1","아동정원수","5554","1601","89","374","1874","977","33","606"
"2015","11140","중구","3","정원충족률","85.47%","87.93%","0.%","85.2%","90.61%","97.31%","0.%","76.51%"
"2015","11140","중구","2","아동현원수","3476","1552","0","357","415","289","0","863"
"2015","11140","중구","1","아동정원수","4067","1765","0","419","458","297","0","1128"
"2015","11110","종로","3","정원충족률","83.62%","87.66%","77.31%","96.64%","83.37%","84.46%","0.%","77.65%"
"2015","11110","종로","2","아동현원수","4070","1741","92","144","787","125","0","1181"
"2015","11110","종로","1","아동정원수","4867","1986","119","149","944","148","0","1521"
"2015","11000","계","3","정원충족률","86.86%","88.66%","88.21%","84.64%","85.87%","89.53%","88.26%","76.72%"
"2015","11000","계","2","아동현원수","238103","62556","2088","6327","105478","50061","752","10841"
"2015","11000","계","1","아동정원수","274132","70561","2367","7475","122831","55916","852","14130"
"2014","11740","강동","2","아동현원수","12079","2242","82","153","6870","2595","0","137"
"2014","11000","계","2","아동현원수","243432","59036","2214","6844","111653","52890","715","10080"
"2014","11000","계","3","정원충족률","88.37%","89.3%","89.85%","84.61%","88.35%","90.22%","86.98%","77.66%"
"2014","11110","종로","1","아동정원수","4728","1976","119","149","950","148","0","1386"
"2014","11110","종로","2","아동현원수","4040","1766","101","139","844","130","0","1060"
"2014","11110","종로","3","정원충족률","85.45%","89.37%","84.87%","93.29%","88.84%","87.84%","0.%","76.48%"
"2014","11140","중구","1","아동정원수","4039","1807","0","427","458","317","0","1030"
"2014","11140","중구","2","아동현원수","3410","1531","0","351","426","314","0","788"
"2014","11140","중구","3","정원충족률","84.43%","84.73%","0.%","82.2%","93.01%","99.05%","0.%","76.5%"
"2014","11170","용산","1","아동정원수","5670","1535","89","453","2003","979","33","578"
"2014","11170","용산","2","아동현원수","5038","1400","75","386","1786","893","24","474"
"2014","11170","용산","3","정원충족률","88.85%","91.21%","84.27%","85.21%","89.17%","91.22%","72.73%","82.01%"
"2014","11200","성동","1","아동정원수","8210","3550","0","202","2513","1640","0","305"
"2014","11200","성동","2","아동현원수","7167","3098","0","169","2139","1504","0","257"
"2014","11200","성동","3","정원충족률","87.3%","87.27%","0.%","83.66%","85.12%","91.71%","0.%","84.26%"
"2014","11215","광진","1","아동정원수","9674","2018","0","183","5764","1492","85","132"
"2014","11215","광진","2","아동현원수","8437","1737","0","92","5060","1381","74","93"
"2014","11215","광진","3","정원충족률","87.21%","86.08%","0.%","50.27%","87.79%","92.56%","87.06%","70.45%"
"2014","11230","동대문","1","아동정원수","9697","2699","0","204","4462","2055","0","277"
"2014","11230","동대문","2","아동현원수","8625","2398","0","181","3931","1906","0","209"
"2014","11000","계","1","아동정원수","275464","66109","2464","8089","126378","58623","822","12979"
"2014","11230","동대문","3","정원충족률","88.95%","88.85%","0.%","88.73%","88.1%","92.75%","0.%","75.45%"
"2014","11260","중랑","1","아동정원수","12389","2768","114","276","6867","2206","0","158"
"2014","11260","중랑","2","아동현원수","10930","2528","89","249","5968","1958","0","138"
"2014","11260","중랑","3","정원충족률","88.22%","91.33%","78.07%","90.22%","86.91%","88.76%","0.%","87.34%"
"2014","11290","성북","1","아동정원수","12560","2769","151","1282","5195","2983","37","143"
"2014","11290","성북","2","아동현원수","10877","2355","139","1125","4513","2615","22","108"
"2014","11290","성북","3","정원충족률","86.6%","85.05%","92.05%","87.75%","86.87%","87.66%","59.46%","75.52%"
"2014","11305","강북","1","아동정원수","9695","1750","153","216","6060","1437","27","52"
"2014","11305","강북","2","아동현원수","8617","1603","114","181","5365","1279","27","48"
"2014","11305","강북","3","정원충족률","88.88%","91.6%","74.51%","83.8%","88.53%","89.%","100.%","92.31%"
"2014","11320","도봉","1","아동정원수","11151","1786","33","74","6062","3077","49","70"
"2014","11320","도봉","2","아동현원수","9562","1590","19","59","5253","2542","30","69"
"2014","11320","도봉","3","정원충족률","85.75%","89.03%","57.58%","79.73%","86.65%","82.61%","61.22%","98.57%"
"2014","11350","노원","1","아동정원수","15108","3079","228","20","4905","6541","30","305"
"2014","11350","노원","2","아동현원수","13632","2849","221","20","4447","5874","29","192"
"2014","11350","노원","3","정원충족률","90.23%","92.53%","96.93%","100.%","90.66%","89.8%","96.67%","62.95%"
"2014","11380","은평","1","아동정원수","16028","1672","131","332","11615","2163","39","76"
"2014","11380","은평","2","아동현원수","13572","1581","120","275","9747","1760","26","63"
"2014","11380","은평","3","정원충족률","84.68%","94.56%","91.6%","82.83%","83.92%","81.37%","66.67%","82.89%"
"2014","11410","서대문","1","아동정원수","7958","2308","0","156","3799","1181","20","494"
"2014","11410","서대문","2","아동현원수","6799","2073","0","141","3155","1039","16","375"
"2014","11410","서대문","3","정원충족률","85.44%","89.82%","0.%","90.38%","83.05%","87.98%","80.%","75.91%"
"2014","11440","마포","1","아동정원수","9988","3405","0","604","3423","1951","153","452"
"2014","11440","마포","2","아동현원수","8583","2940","0","436","3009","1725","139","334"
"2014","11440","마포","3","정원충족률","85.93%","86.34%","0.%","72.19%","87.91%","88.42%","90.85%","73.89%"
"2014","11470","양천","1","아동정원수","13796","3495","0","222","6194","3628","16","241"
"2014","11470","양천","2","아동현원수","12049","2974","0","166","5421","3286","16","186"
"2014","11470","양천","3","정원충족률","87.34%","85.09%","0.%","74.77%","87.52%","90.57%","100.%","77.18%"
"2014","11500","강서","1","아동정원수","17387","3585","344","170","8880","4214","34","160"
"2014","11500","강서","2","아동현원수","15441","2948","337","167","7960","3886","29","114"
"2014","11500","강서","3","정원충족률","88.81%","82.23%","97.97%","98.24%","89.64%","92.22%","85.29%","71.25%"
"2014","11530","구로","1","아동정원수","14118","3191","311","567","6157","3406","117","369"
"2014","11530","구로","2","아동현원수","12899","2806","293","501","5620","3239","117","323"
"2014","11530","구로","3","정원충족률","91.37%","87.93%","94.21%","88.36%","91.28%","95.1%","100.%","87.53%"
"2014","11545","금천","1","아동정원수","8653","1686","223","995","3848","1554","14","333"
"2014","11545","금천","2","아동현원수","7419","1472","223","823","3280","1356","11","254"
"2014","11545","금천","3","정원충족률","85.74%","87.31%","100.%","82.71%","85.24%","87.26%","78.57%","76.28%"
"2014","11560","영등포","1","아동정원수","11439","2023","123","166","5086","2136","0","1905"
"2014","11560","영등포","2","아동현원수","10081","1841","108","154","4543","1939","0","1496"
"2014","11560","영등포","3","정원충족률","88.13%","91.%","87.8%","92.77%","89.32%","90.78%","0.%","78.53%"
"2014","11590","동작","1","아동정원수","9803","2818","103","101","4543","1992","49","197"
"2014","11590","동작","2","아동현원수","8827","2667","84","97","3936","1858","42","143"
"2014","11590","동작","3","정원충족률","90.04%","94.64%","81.55%","96.04%","86.64%","93.27%","85.71%","72.59%"
"2014","11620","관악","1","아동정원수","12186","3221","171","609","4946","2551","37","651"
"2014","11620","관악","2","아동현원수","11169","2944","132","530","4650","2356","37","520"
"2014","11620","관악","3","정원충족률","91.65%","91.4%","77.19%","87.03%","94.02%","92.36%","100.%","79.88%"
"2014","11650","서초","1","아동정원수","9194","2811","0","237","2934","1825","82","1305"
"2014","11740","강동","3","정원충족률","88.32%","88.2%","94.25%","91.07%","88.62%","87.88%","0.%","78.74%"
"2014","11650","서초","2","아동현원수","8665","2710","0","232","2821","1781","76","1045"
"2014","11650","서초","3","정원충족률","94.25%","96.41%","0.%","97.89%","96.15%","97.59%","92.68%","80.08%"
"2014","11680","강남","1","아동정원수","11264","4478","0","0","3767","1672","0","1347"
"2014","11680","강남","2","아동현원수","10041","4070","0","0","3446","1579","0","946"
"2014","11680","강남","3","정원충족률","89.14%","90.89%","0.%","0.%","91.48%","94.44%","0.%","70.23%"
"2014","11710","송파","1","아동정원수","17053","3137","84","276","8195","4522","0","839"
"2014","11710","송파","2","아동현원수","15473","2913","77","217","7463","4095","0","708"
"2014","11710","송파","3","정원충족률","90.73%","92.86%","91.67%","78.62%","91.07%","90.56%","0.%","84.39%"
"2014","11740","강동","1","아동정원수","13676","2542","87","168","7752","2953","0","174"