"시설ID","시설명","서비스분류코드","서비스분류명","자치구코드","자치구명","연령구분코드","연령구분","X좌표값","Y좌표값","우편번호","기본주소","상세주소","설립일","사용료무료여부","사용료","전용면적(평)","학기시작시간","학기종료시간","방학시작시간","방학종료시간","재량휴일시작시간","재량휴일종료시간","토요일운영여부","토요일운영시작시간","토요일운영종료시간","월사용료무료여부","월자기부담금","월사용료","일사용료무료여부","일자기부담금","일사용료","상시돌봄정원수","일시돌봄정원수","전용면적(m2)","자치구코드배열","아침돌봄서비스여부","등록일시","수정일시"
"GR260201","구로20호점 우리동네키움센터(개봉2동)","1001","우리동네키움센터","11530","구로구","1003","초등학생","126.86113","37.49273","08329","서울특별시 구로구 개봉로20길 123","구로문화누리 도서관동 1층 (개봉동)","2026-02-23","","","103","0900","1800","0900","1800","0900","1800","N","","","N","","50000","N","","2500","20","4","30","","N","2026-02-02 12:47:20.0","2026-02-13 13:24:26.0"
"DB251101","도봉구 8호점 우리동네키움센터(융합형)","1009","융합형키움센터","11320","도봉구","1003","초등학생","127.04635736916414","37.67479461967481","01326","서울특별시 도봉구 도봉로162길 25-3"," (도봉동) 도봉구 8호점 우리동네키움센터(융합형)","2026-01-02","","","120","1300","2200","0800","2200","0800","2200","Y","0900","1300","N","","20000","N","","2000","30","6","398.26","","N","2025-11-28 11:16:17.0","2026-03-11 13:50:07.0"
"YC251001","양천구 8호점 우리동네키움센터","1001","우리동네키움센터","11470","양천구","1003","초등학생","126.8690063009973","37.51096670659234","08101","서울특별시 양천구 목동남로 98","양천구보육타운 3층 (신정동)","2025-11-19","","","56","1300","2000","0900","1800","0900","1800","N","","","N","","50000","N","","2500","32","6","185","","N","2025-10-02 16:15:44.0","2026-04-17 16:08:32.0"
"GD250602","강동9호점 둔촌동 우리동네키움센터(융합형)","1009","융합형키움센터","11740","강동구","1003","초등학생","127.13616","37.52585","05409","서울특별시 강동구 양재대로 1342","강동숨터 3층 (둔촌동)","2025-07-01","","","102","1300","2000","0800","2000","0900","2000","Y","0900","1300","N","","50000","N","","2500","40","8","339.16","","N","2025-06-19 17:25:54.0","2025-08-07 10:52:41.0"
"GD250501","강동구8호점 상일동 우리동네키움센터","1001","우리동네키움센터","11740","강동구","1003","초등학생","127.16382","37.55124","05277","서울특별시 강동구 구천면로 587","강동숲속도서관 1층 (상일동)","2025-06-02","","","36","1300","1900","0900","1800","0900","1800","N","","","N","","50000","N","","2500","25","5","120","","N","2025-05-18 08:11:55.0","2026-02-15 22:36:54.0"
"SB250301","성북14호점 우리동네키움센터(장위3동)","1001","우리동네키움센터","11290","성북구","1003","초등학생","127.05531","37.61516","02774","서울특별시 성북구 장위로 170","1층 (장위3동주민센터)","2025-04-01","","","42","1300","2000","0900","1800","0900","1800","N","","","N","","50000","N","","2500","23","4","138","","N","2025-03-05 18:55:32.0","2025-10-30 19:20:20.0"
"GS250201","강서8호점 화곡6동 우리동네키움센터","1001","우리동네키움센터","11500","강서구","1003","초등학생","126.85103","37.55106","07659","서울특별시 강서구 화곡로54길 43","종합보육센터 2층 (화곡동, 강서금호어울림퍼스티어)","2025-03-10","","","38","1300","2000","0900","1800","0900","1800","N","","","N","","50000","N","","2500","20","4","125","","Y","2025-02-24 17:28:51.0","2026-04-24 10:57:34.0"
"DJ250202","동작18호점 우리동네키움센터(사당꿈)","1001","우리동네키움센터","11590","동작구","1003","초등학생","126.97758","37.48838","06999","서울특별시 동작구 동작대로29길 63-26"," (사당동)","2025-03-10","","","59","1300","1900","0900","1800","0900","1800","N","","","N","","50000","N","","2500","30","6","196.32","","N","2025-02-17 11:05:17.0","2026-04-08 11:41:05.0"
"DJ250201","동작17호점 우리동네키움센터(흑석꿈)","1001","우리동네키움센터","11590","동작구","1003","초등학생","126.95915","37.50993","06909","서울특별시 동작구 흑석로13길 25","3층 (흑석동)","2025-02-17","","","59","1300","1900","0900","1800","0900","1900","N","","","N","","50000","N","","2500","30","6","196.32","","N","2025-02-17 10:24:54.0","2026-03-03 17:06:24.0"
"GS250101","강서9호점 우장산동 우리동네키움센터","1001","우리동네키움센터","11500","강서구","1003","초등학생","126.84006031868279","37.55422194812244","07682","서울특별시 강서구 우장산로 24-5","내발산복합복지센터 3층 (내발산동)[*미고시]","2025-01-20","","","35","1300","2000","0900","1800","0900","1800","N","","","N","","50000","N","","2500","20","4","116","","N","2025-01-15 11:29:36.0","2025-10-16 14:28:49.0"
"YC241201","양천구 7호점 우리동네키움센터","1001","우리동네키움센터","11470","양천구","1003","초등학생","126.83134365870343","37.5138795927811","08050","서울특별시 양천구 신정이펜1로 50","314동 1층 (신정동, 신정이펜하우스3단지)","2024-12-23","","","39","1300","2000","0900","1900","0900","1800","N","","","N","","50000","N","","2500","25","5","129","","Y","2024-12-23 14:36:00.0","2026-01-02 14:24:30.0"
"BP241201","제6호(강서권) 거점형 우리동네키움센터","1008","거점형키움센터","11500","강서구","1003","초등학생","126.83855","37.54534","07697","서울특별시 강서구 화곡로31나길 35","2층 (화곡동)","2025-08-05","","","","1300","2000","0800","2000","0800","2000","Y","1000","1800","","0","","N","","2500","0","18","","11500","N","2024-12-23 13:53:14.0","2026-02-12 13:44:10.0"
"DJ241205","동작16호점 우리동네키움센터(상도꿈)","1001","우리동네키움센터","11590","동작구","1003","초등학생","126.95091293835418","37.50688721904961","06919","서울특별시 동작구 매봉로 37","3층 (상도1동)","2025-01-02","","","22","1200","1900","0900","1800","0900","1800","N","","","N","","50000","N","","2500","20","4","72","","N","2024-12-18 16:56:23.0","2026-02-11 17:08:02.0"
"JG241201","중구9호점 우리동네키움센터(중구 초등돌봄 교육지원키움센터)","1001","우리동네키움센터","11140","중구","1003","초등학생","127.01968","37.5614","04584","서울특별시 중구 다산로38길 85","교육지원센터 1층 (신당동)","2024-12-31","","","28","0900","2000","0800","2000","0800","2000","N","","","Y","","","","","","20","4","94","","N","2024-12-18 16:34:44.0","2026-01-06 09:11:02.0"
"SB241201","성북13호점 우리동네키움센터 융합형(보문동)","1009","융합형키움센터","11290","성북구","1003","초등학생","127.0167","37.58463","02874","서울특별시 성북구 보문사길 18","4층, 우리동네키움센터 성북13호점","2024-12-23","","","142","1300","2000","0800","2000","0900","2000","Y","0900","1300","N","","50000","N","","2500","40","8","470","","N","2024-12-16 16:55:01.0","2025-08-21 14:38:03.0"
"SP241201","송파20호점 우리동네키움센터(장지동2호점 송파키움센터)","1009","융합형키움센터","11710","송파구","1003","초등학생","127.13311119017008","37.48819392266024","05798","서울특별시 송파구 송이로33길 9","3층 (문정동)","2024-12-18","","","94.38","0700","2000","0700","2000","0900","2000","Y","0900","1300","N","","50000","N","","2500","45","9","312","","Y","2024-12-12 11:50:13.0","2026-04-30 19:37:06.0"
"DM241201","동대문구 8호점 우리동네키움센터","1001","우리동네키움센터","11230","동대문구","1003","초등학생","127.07247","37.57355","02523","서울특별시 동대문구 장한로28가길 11","101호 (장안동, SM 해그린아파트)","2025-01-06","","","64","1300","1900","0900","1800","0900","1800","N","","","N","","50000","N","","2500","30","6","212.5","","Y","2024-12-04 15:56:51.0","2026-02-06 15:13:50.0"
"GN240801","강남9호점 우리동네키움센터 (행복자곡다함께키움센터)","1001","우리동네키움센터","11680","강남구","1003","초등학생","127.10702","37.47957","06369","서울특별시 강남구 자곡로11길 28","LH수서2단지아파트 208동 1층 (자곡동)","2024-09-02","","","66.3","0700","1900","0700","1800","0700","1800","N","","","N","","50000","N","","2500","20","4","218.92","","Y","2024-08-29 14:09:39.0","2026-04-23 09:26:16.0"
"SM240602","서대문구 11호점 우리동네키움센터","1001","우리동네키움센터","11410","서대문구","1003","초등학생","126.95302","37.55907","03769","서울특별시 서대문구 북아현로1가길 6","3층 (북아현동)","2024-06-03","","","38","1300","1900","0900","1800","0900","1800","N","","","N","","50000","N","","2500","32","6","125.55","","N","2024-06-13 16:00:54.0","2026-03-05 14:50:48.0"
"DB240601","도봉구 7호점 우리동네키움센터","1001","우리동네키움센터","11320","도봉구","1003","초등학생","127.0282842575672","37.65444293801599","01435","서울특별시 도봉구 시루봉로 42","쌍문동 실내스포츠센터 3층 (쌍문동)","2024-07-01","","","90","1300","1900","0900","1800","0900","1800","N","","","N","","20000","N","","2000","20","4","299","","N","2024-06-04 16:07:02.0","2025-10-16 11:06:43.0"
"NW240401","노원28호점 우리동네키움센터(상계3.4동융합형 아이휴센터)","1009","융합형키움센터","11350","노원구","1003","초등학생","127.07684","37.66419","01648","서울특별시 노원구 덕릉로 748","상계구민체육센터 2층 (상계동)","2024-12-09","","","64","1200","2000","0900","2000","0900","2000","Y","0900","1300","N","","20000","N","","2500","30","6","211.41","","N","2024-04-24 14:56:25.0","2026-02-09 13:16:17.0"
"YS240402","용산구9호점 우리동네키움센터","1001","우리동네키움센터","11170","용산구","1003","초등학생","126.96517844701796","37.53900247779734","04316","서울특별시 용산구 백범로 329","용산꿈나무종합타운 제1별관 2층 (원효로1가)","2024-05-13","","","40","0800","1900","0800","1900","0800","1900","N","","","N","","50000","N","","2500","30","6","133","","N","2024-04-15 15:49:45.0","2026-01-02 07:42:41.0"
"DJ240302","동작15호점 우리동네키움센터(신대방2동)","1001","우리동네키움센터","11590","동작구","1003","초등학생","126.91647","37.49502","07062","서울특별시 동작구 여의대방로16길 41"," (신대방동)","2024-04-01","","","60","1300","1900","0900","1800","0900","1800","N","","","N","","50000","N","","2500","30","6","200.43","","N","2024-03-07 09:35:34.0","2025-12-05 10:13:18.0"
"YC240101","양천구 6호점 우리동네키움센터 (융합형)","1009","융합형키움센터","11470","양천구","1003","초등학생","126.85780482664897","37.51759880221405","08090","서울특별시 양천구 목동서로 400"," (신정동, 목동신시가지아파트10단지 주민공동시설 2층 ) 경서 농협 2층","2024-01-31","","","85","1300","2000","0800","2000","0800","2000","Y","0900","1300","N","","50000","N","","2500","35","7","281","","Y","2024-01-04 18:15:40.0","2026-01-02 11:45:46.0"
"GB231201","강북구 7호점 우리동네키움센터(인수동)","1001","우리동네키움센터","11305","강북구","1003","초등학생","127.01236788685065","37.637615622046766","01023","서울특별시 강북구 인수봉로57길 16","3~4층 (수유동)","2023-12-26","","","45","1300","2000","0900","2000","0900","2000","N","","","N","","50000","N","","2500","25","4","150.2","","N","2023-12-26 07:49:07.0","2025-12-31 12:05:52.0"
"GS231101","강서7호점 화곡3동 우리동네키움센터","1001","우리동네키움센터","11500","강서구","1003","초등학생","126.83597","37.54626","07705","서울특별시 강서구 강서로 231","2층 (화곡동, 우장산역 해링턴 타워)","2023-12-27","","","34","0900","1900","0900","1900","0900","1900","N","","","N","","50000","N","","2500","25","5","112","","N","2023-11-30 16:15:02.0","2025-10-16 13:58:25.0"
"BP231101","제7호(양천권) 거점형 우리동네키움센터","1008","거점형키움센터","11470","양천구","1003","초등학생","126.88365775872256","37.54217830698875","07978","서울특별시 양천구 안양천로 1131","2충 (목동)","2023-12-18","","","","1300","2000","0800","2000","0900","2000","Y","1000","1800","","0","","N","","2500","0","18","","11470","N","2023-11-28 16:36:07.0","2026-04-02 17:47:24.0"
"SB231101","성북12호점 우리동네키움센터(길음1동)","1001","우리동네키움센터","11290","성북구","1003","초등학생","127.02202","37.60874","02724","서울특별시 성북구 삼양로9길 14-7","2~3층 (길음동, 길음소리마을센터)","2023-12-18","","","59","1300","1900","0900","1800","0900","1800","N","","","N","","50000","N","","2500","30","6","196.1","","N","2023-11-28 13:39:18.0","2025-12-10 17:27:44.0"
"NW231101","노원29호점 우리동네키움센터(공릉태릉우성 아이휴센터)","1001","우리동네키움센터","11350","노원구","1003","초등학생","127.08577929238243","37.62490660292624","01821","서울특별시 노원구 노원로 29","1동 105호 (공릉동, 우성아파트)","2023-12-26","","","20.26","1200","2000","0900","2000","0900","2000","N","","","N","","20000","N","","2500","20","4","66.87","","N","2023-11-22 16:17:43.0","2026-02-03 20:15:22.0"
"SM231101","서대문구10호점우리동네키움센터","1001","우리동네키움센터","11410","서대문구","1003","초등학생","126.91448","37.57696","03690","서울특별시 서대문구 거북골로14길 32","관리동 2층 (북가좌동, DMC아이파크아파트)","2023-12-11","","","42","1300","1900","0900","1800","0900","1800","N","","","N","","50000","N","","2500","28","5","142.64","","N","2023-11-16 17:14:13.0","2024-07-03 08:57:59.0"
"SP231101","송파19호점 우리동네키움센터(풍납동송파키움센터)","1001","우리동네키움센터","11710","송파구","1003","초등학생","127.11767808933166","37.53370437928915","05528","서울특별시 송파구 풍성로20길 3","3층 (풍납동)","2023-12-18","","","39","1000","1900","0900","1800","0900","1800","N","","","N","","50000","N","","2500","25","3","130","","N","2023-11-13 17:25:04.0","2025-12-26 12:27:49.0"
"SD230902","성동13호점 우리동네키움센터(송정동아이꿈누리터)","1001","우리동네키움센터","11200","성동구","1003","초등학생","127.06858979155335","37.55328572543835","04800","서울특별시 성동구 송정18가길 9","5층 송정동 아이꿈누리터 (송정동 공공복합청사) (송정동)","2023-10-04","","","25","1300","1900","0900","1800","0900","1800","N","","","N","","50000","N","","2500","22","2","85.62","","N","2023-09-25 09:57:18.0","2024-08-26 11:00:44.0"
"GA230702","관악 5호점 우리동네키움센터","1001","우리동네키움센터","11620","관악구","1003","초등학생","126.922","37.46599","08857","서울특별시 관악구 난곡로16길 30-6","2층 (신림동)","2023-06-01","","","72.842","0900","1900","0700","1800","0700","2000","N","1000","1600","N","","50000","N","","2500","30","6","240.8","","Y","2023-07-17 10:47:04.0","2026-01-05 09:47:20.0"
"GA230701","관악 4호점 우리동네키움센터","1001","우리동네키움센터","11620","관악구","1003","초등학생","126.94084","37.48588","08750","서울특별시 관악구 은천로10길 3","1층 (봉천동)","2023-06-01","","","34.7754","1200","1900","0900","1800","0900","1800","N","1000","1900","N","","50000","N","","2500","20","4","114.96","","N","2023-07-17 09:49:20.0","2026-03-06 13:23:59.0"
"JR230701","중랑구6호점 묵1동우리동네키움센터","1001","우리동네키움센터","11260","중랑구","1003","초등학생","127.08049","37.61124","02037","서울특별시 중랑구 동일로160길 49","2층 (묵동)","2023-07-26","","","35","0900","2000","0900","1900","0900","2000","N","","","N","","50000","N","","2500","24","5","115.8","","N","2023-07-14 23:28:07.0","2026-04-21 16:27:16.0"
"SM230601","서대문구9호점 우리동네키움센터","1001","우리동네키움센터","11410","서대문구","1003","초등학생","126.9473","37.59238","03624","서울특별시 서대문구 세무서길 103","2층(서대문구9호점 우리동네키움센터) (홍제동)","2023-07-17","","","47","1300","1900","0900","1800","0900","1800","N","","","N","","50000","N","","2500","28","5","156","","N","2023-06-26 09:24:49.0","2024-10-25 10:12:15.0"
"GB230501","강북구 8호점 우리동네키움센터(번2동)","1001","우리동네키움센터","11305","강북구","1003","초등학생","127.035","37.63472","01137","서울특별시 강북구 한천로 943-1","지상1~2층 (번동)","2023-06-01","","","46","1300","2000","0900","2000","0900","1900","N","","","N","","50000","N","","2500","20","4","153.42","","N","2023-05-01 15:03:07.0","2026-04-07 16:28:34.0"
"JG230201","중구8호점 우리동네키움센터(중구 초등돌봄 서울역자이키움센터)","1001","우리동네키움센터","11140","중구","1003","초등학생","126.96446","37.55478","04500","서울특별시 중구 만리재로 175","110동 P2층 서울역자이센터 (만리동2가, 서울역센트럴자이)","2023-03-02","","","33","1200","2000","0800","2000","0800","2000","N","","","Y","0","","","0","","22","4","110","","N","2023-02-21 16:32:03.0","2026-03-13 11:11:29.0"
"SM230201","서대문구8호점 우리동네키움센터","1001","우리동네키움센터","11410","서대문구","1003","초등학생","126.95183","37.58021","03731","서울특별시 서대문구 통일로 333","나, 다동 2층 (서대문구8호점 우리동네키움센터)","2023-03-02","","","56","1300","1900","0900","1800","0900","1800","N","","","N","","50000","N","","2500","24","4","185","","Y","2023-02-16 17:43:38.0","2025-12-23 18:15:15.0"
"DM230201","동대문구 7호점 우리동네키움센터","1001","우리동네키움센터","11230","동대문구","1003","초등학생","127.0511083929832","37.57624372495616","02553","서울특별시 동대문구 사가정로 65","108동 1층 (전농동, 래미안 크레시티)","2023-03-02","","","63","1300","1900","0900","1800","0900","1800","N","0900","1300","N","","50000","N","","2500","30","6","208","","N","2023-02-06 13:03:34.0","2026-02-05 17:42:22.0"
"MP230102","마포8호점우리동네키움센터 (아현동)","1001","우리동네키움센터","11440","마포구","1003","초등학생","126.95369","37.55022","04131","서울특별시 마포구 마포대로 167","공덕 래미안 5차 B블럭 커뮤니티센터 내","2023-03-02","","","57.02","1300","2000","0900","1800","0900","1800","N","","","N","","50000","N","","2500","22","4","188.50","","N","2023-01-26 08:12:17.0","2026-01-14 12:49:03.0"
"MP230101","마포구9호점 우리동네키움센터(합정동)","1001","우리동네키움센터","11440","마포구","1003","초등학생","126.90821","37.55289","04022","서울특별시 마포구 양화로1길 108","1층 (마포9호점 합정동키움센터) (합정동)","2023-01-01","","","40.87","1300","1900","0900","1800","0900","1800","N","","","N","","50000","N","","2500","20","4","135.12","","Y","2023-01-17 14:11:55.0","2025-01-17 13:32:59.0"
"BP230101","제4호(구로?금천권) 거점형 우리동네키움센터","1008","거점형키움센터","11530","구로구","1003","초등학생","126.84286","37.49349","08335","서울특별시 구로구 서해안로 2329"," (오류동)","2023-04-08","","","","1300","2000","0800","2000","1000","2000","Y","1000","1800","","0","","N","","2500","0","18","","11530,11545","N","2023-01-16 16:09:18.0","2025-08-27 11:30:54.0"
"YC230101","양천구 5호점 우리동네키움센터 (융합형)","1009","융합형키움센터","11470","양천구","1003","초등학생","126.84735","37.52005","08061","서울특별시 양천구 신월로24길 19","신월종합사회복지관 4층 (신월동)","2023-01-02","","","96","1300","2000","0800","2000","0900","2000","Y","0900","1300","N","","50000","N","","2500","40","8","318","","N","2023-01-04 15:30:10.0","2026-04-20 10:28:03.0"
"KC230101","금천구 4호점 우리동네키움센터(시흥1동)","1001","우리동네키움센터","11545","금천구","1003","초등학생","126.90323","37.44889","08631","서울특별시 금천구 시흥대로 164","2층 201호 (시흥동)","2023-01-01","","","40","1000","1900","0800","1900","0800","1800","N","","","N","","50000","N","","2500","20","4","134","","N","2023-01-02 15:01:43.0","2025-10-17 15:10:21.0"
"GS221201","강서6호점 우리동네키움센터(화곡8동)","1001","우리동네키움센터","11500","강서구","1003","초등학생","126.84924054960537","37.529991018611945","07781","서울특별시 강서구 강서로5길 50","곰달래문화복지센터 202호 (화곡동)","2023-01-02","","","30","1300","1900","0900","1800","0900","1800","N","","","N","","50000","N","","2500","20","4","99.39","","N","2022-12-12 00:49:53.0","2026-01-09 00:22:48.0"
"DJ221101","동작14호점 우리동네키움센터(상도3동)","1001","우리동네키움센터","11590","동작구","1003","초등학생","126.93247","37.50212","06951","서울특별시 동작구 상도로15가길 14","1~2층 (상도동)","2022-10-17","","","48","0900","1900","0900","1800","0900","1800","N","","","N","","50000","N","","2500","30","6","159","","N","2022-11-03 12:36:55.0","2026-04-13 13:22:50.0"
"GB221101","강북구 6호점 우리동네키움센터(융합형)(삼각산동)","1009","융합형키움센터","11305","강북구","1003","초등학생","127.01751","37.61676","01196","서울특별시 강북구 삼양로19길 102","1층 (미아동)","2022-12-01","","","119","0700","2200","0700","2200","0900","2200","Y","0900","1300","N","","50000","N","","2500","36","7","395.22","","Y","2022-11-01 15:40:16.0","2026-01-28 09:43:09.0"
"DM221001","동대문구 6호점 우리동네키움센터","1001","우리동네키움센터","11230","동대문구","1003","초등학생","127.03419","37.58402","02476","서울특별시 동대문구 약령시로5길 22","2층 (제기동)","2022-11-14","","","23.9","1300","1900","0900","1800","0900","1800","N","","","N","","50000","N","","2500","20","4","79","","N","2022-10-18 10:01:16.0","2026-01-08 14:28:33.0"
"GR221001","구로19호점 우리동네키움센터(항동융합형)","1009","융합형키움센터","11530","구로구","1003","초등학생","126.82275800323673","37.479058355717356","08368","서울특별시 구로구 연동로 191-19","항동복합행정센터 내 2층 (항동)","2022-10-17","","","71","0900","2000","0800","2000","0900","2000","Y","0800","1400","N","","50000","N","","2500","36","7","233.77","","N","2022-10-05 16:23:24.0","2025-11-06 15:45:38.0"
"EP220902","은평12호점 우리동네키움센터","1001","우리동네키움센터","11380","은평구","1003","초등학생","126.93477","37.60276","03382","서울특별시 은평구 통일로 627","3층 은평12호점 우리동네키움센터 (녹번동)","2022-09-26","","","55","1300","1900","0900","1900","0900","1900","N","","","N","","50000","N","","2500","25","5","180.9","","N","2022-09-23 18:10:54.0","2026-04-24 10:40:00.0"
"SP220901","송파18호점 우리동네키움센터(위례동2호점 송파키움센터)","1001","우리동네키움센터","11710","송파구","1003","초등학생","127.15113846964636","37.487727992038884","05776","서울특별시 송파구 위례북로4길 12","커뮤니티센터 1층 (거여동, 위례포레샤인 18단지)","2022-10-04","","","29","1000","1900","0900","1800","0900","1800","N","0900","1800","N","","50000","N","","2500","25","5","95","","N","2022-09-23 17:52:59.0","2026-02-06 15:25:49.0"
"EP220901","은평11호점 우리동네키움센터","1001","우리동네키움센터","11380","은평구","1003","초등학생","126.92267","37.61524","03385","서울특별시 은평구 통일로73길 16","2층 (대조동)","2022-09-14","","","41","1300","2000","0900","1900","0900","1900","N","","","N","","50000","N","","2500","25","5","136","","N","2022-09-07 12:46:24.0","2025-12-26 11:21:29.0"
"EP220801","은평10호점 우리동네키움센터","1001","우리동네키움센터","11380","은평구","1003","초등학생","126.92042","37.59988","03454","서울특별시 은평구 은평로 114","3층 (응암동)","2022-09-01","","","50","0700","1900","0700","1800","0700","1800","N","","","N","","50000","N","","2500","25","5","165","","Y","2022-08-23 18:42:42.0","2026-02-05 14:55:21.0"
"BP220801","제5호(성북?동대문권) 거점형 우리동네키움센터","1008","거점형키움센터","11290","성북구","1003","초등학생","127.03713","37.59222","02796","서울특별시 성북구 회기로3길 17","2~4층 (종암동)","2022-09-13","","","","1300","2000","0800","2000","1000","1800","Y","1000","1800","","0","","N","","2500","0","21","","11230,11290","N","2022-08-10 11:14:56.0","2026-04-01 11:45:28.0"
"SB220701","성북11호점 우리동네키움센터(삼선동)","1001","우리동네키움센터","11290","성북구","1003","초등학생","127.01336","37.58574","02870","서울특별시 성북구 보문로29길 101","3층 (삼선동3가)","2022-07-01","","","40","0900","1900","0800","1900","0800","1900","N","","","N","","50000","N","","2500","30","6","132","","N","2022-07-11 12:24:32.0","2026-04-17 17:42:23.0"
"SD220601","성동12호점 우리동네키움센터(융합형 서울숲아이꿈누리터)","1009","융합형키움센터","11200","성동구","1003","초등학생","127.0415","37.54907","04767","서울특별시 성동구 왕십리로11길 19","서울숲아이꿈누리터 . 1F (성수동1가)","2022-06-27","","","69","1300","2000","0800","2000","1300","1400","Y","0900","1300","N","","50000","N","","2500","30","0","227.8","","N","2022-06-21 17:33:16.0","2025-11-12 16:46:08.0"
"GR220601","구로18호점 우리동네키움센터(구로신도림)","1001","우리동네키움센터","11530","구로구","1003","초등학생","126.88521","37.50959","08207","서울특별시 구로구 경인로65길 44","보미프라자 1층, 키움센터 구로18호점 (신도림동)","2022-06-20","","","27","1300","1900","0900","1800","0900","1800","N","","","N","","50000","N","","2500","20","4","90.82","","N","2022-06-13 14:28:46.0","2025-10-10 09:24:08.0"
"DJ220601","동작13호점 융합형 우리동네키움센터(사당동)","1009","융합형키움센터","11590","동작구","1003","초등학생","126.97422","37.48183","07011","서울특별시 동작구 사당로20나길 25","1층 (사당동)","2022-07-11","","","78","0700","2200","0700","2200","0700","2200","Y","0800","1200","N","","50000","N","","2500","30","6","259.56","","Y","2022-06-08 16:52:54.0","2026-04-02 10:52:59.0"
"SP220601","송파17호점 우리동네키움센터(거여2동 송파키움센터)","1001","우리동네키움센터","11710","송파구","1003","초등학생","146.30339518654316","36.67722803676529","05764","서울특별시 송파구 오금로 551","관리동 1층 (거여동, e편한세상 송파 파크센트럴)","2022-06-21","","","36","1300","1900","0900","1800","0900","1800","N","","","N","","50000","N","","2500","25","5","120","","N","2022-06-06 12:15:55.0","2026-04-16 12:06:55.0"
"GA220501","관악3호점 우리동네키움센터","1001","우리동네키움센터","11620","관악구","1003","초등학생","126.95832","37.48667","08733","서울특별시 관악구 청림2길 37","2층 (봉천동)","2022-11-01","","","46","1300","1900","0900","1900","0900","1900","N","","","N","","50000","N","","2500","25","5","152.73","","N","2022-05-26 15:59:07.0","2026-02-01 11:04:11.0"
"JR220502","중랑구5호점 망우본동우리동네키움센터(중랑아동돌봄센터)","1001","우리동네키움센터","11260","중랑구","1003","초등학생","127.10619908755804","37.608531600302115","02057","서울특별시 중랑구 양원역로 92","지역편의시설 2 (망우동, LH서울양원1단지)","2022-05-25","","","29","1300","1900","0900","1900","0900","1900","N","","","N","","50000","N","","2500","22","4","97.46","","Y","2022-05-16 11:25:38.0","2026-03-06 09:45:48.0"
"JR220501","중랑구4호점 면목7동우리동네키움센터(중랑아동돌봄센터)","1001","우리동네키움센터","11260","중랑구","1003","초등학생","127.08959","37.58003","02250","서울특별시 중랑구 용마산로51길 42","202호 (면목동, 유진 뜨레지움)","2022-05-23","","","39","1300","2000","0900","2000","0900","2000","N","","","N","","50000","N","","2500","28","4","130.45","","N","2022-05-16 10:18:38.0","2026-01-02 10:06:44.0"
"GS220501","강서5호점 우리동네키움센터(공항동)","1001","우리동네키움센터","11500","강서구","1003","초등학생","126.822029779833","37.55878843505723","07808","서울특별시 강서구 공항대로 124","1105동 상가동 1층 (마곡동, 마곡엠밸리11단지)","2022-06-02","","","43","1300","1900","0900","1900","0900","1900","N","","","N","","50000","N","","2500","20","4","143.3","","N","2022-05-04 14:50:58.0","2026-02-10 11:48:43.0"
"DM220501","동대문구 5호점 우리동네키움센터","1001","우리동네키움센터","11230","동대문구","1003","초등학생","127.06997","37.58718","02511","서울특별시 동대문구 장안벚꽃로 323","2층 (휘경동)","2022-05-16","","","53","1300","1900","0900","1800","0900","1800","N","0900","1400","N","","50000","N","","2500","25","5","175","","N","2022-05-02 16:24:27.0","2026-01-02 16:19:34.0"
"YC220403","양천구 4호점 우리동네키움센터","1001","우리동네키움센터","11470","양천구","1003","초등학생","126.86357264980366","37.54836216082769","07950","서울특별시 양천구 등촌로 208","목동깨비시장 공유센터 3층 (목동)","2022-05-09","","","24","1000","2000","0900","1800","0900","1900","N","1100","1700","N","","50000","N","","2500","20","4","80.5","","N","2022-04-27 09:42:11.0","2026-03-19 00:17:01.0"
"GN220401","강남8호점 우리동네키움센터(자곡다함께키움센터)","1001","우리동네키움센터","11680","강남구","1003","초등학생","127.0945","37.4715","06373","서울특별시 강남구 자곡로 100","자곡문화센터 1층 (자곡동)","2022-04-22","","","23.4","1000","1900","0900","1800","0900","1800","N","0800","1200","N","","50000","N","","2500","15","3","77.4","","N","2022-04-13 13:19:42.0","2025-10-22 17:26:28.0"
"GB220401","강북구 3호점 우리동네키움센터(융합형)(삼양동)","1009","융합형키움센터","11305","강북구","1003","초등학생","127.01491087636816","37.62201041567743","01183","서울특별시 강북구 인수봉로6길 39"," (미아동)","2022-09-01","","","65","1300","2000","0800","2000","0800","2000","Y","0900","1300","N","","50000","N","","2500","30","6","215.46","","N","2022-04-06 11:05:24.0","2025-09-18 13:56:50.0"
"YF220302","영등포13호점 우리동네키움센터(신길6동 아이랜드)","1001","우리동네키움센터","11560","영등포구","1003","초등학생","126.91887411737669","37.50140870885531","07392","서울특별시 영등포구 신풍로25길 15-22","3,4층 (신길동)","2022-04-06","","","37","1100","1900","0900","1900","0900","1900","N","","","","0","","Y","0","","20","4","122.66","","N","2022-03-23 11:17:26.0","2026-01-28 15:43:09.0"
"GB220301","강북구 4호점 우리동네키움센터(수유1동)","1001","우리동네키움센터","11305","강북구","1003","초등학생","127.01408","37.63153","01100","서울특별시 강북구 인수봉로 130-5","지상2층 (수유동)","2022-05-09","","","30.40","1300","2000","0900","2000","0900","2000","N","","","N","","50000","N","","2500","20","4","100.33","","N","2022-03-22 09:51:16.0","2026-03-03 18:35:22.0"
"GD220301","강동7호점 우리동네키움센터(천호2동)","1001","우리동네키움센터","11740","강동구","1003","초등학생","127.12883","37.54521","05322","서울특별시 강동구 천중로 61","2층 (천호동)","2022-04-26","","","25","1300","1900","0900","1800","0900","1800","N","","","N","","50000","N","","2500","20","4","84","","N","2022-03-18 10:57:00.0","2026-04-01 14:57:36.0"
"GN220302","강남7호점 우리동네키움센터(누리봄다함께키움센터)","1009","융합형키움센터","11680","강남구","1003","초등학생","127.07416","37.49109","06346","서울특별시 강남구 영동대로 22","일원스포츠문화센터 1층 (일원동, 디에이치 자이 개포)","2022-03-21","","","207.8","1100","2000","0800","2000","0800","2000","Y","0900","1300","N","","50000","N","","2500","49","4","685.79","","N","2022-03-08 18:41:19.0","2026-04-23 16:05:46.0"
"GN220301","강남6호점 우리동네키움센터(논현다함께키움센터)","1001","우리동네키움센터","11680","강남구","1003","초등학생","127.0418","37.51158","06103","서울특별시 강남구 봉은사로49길 26","B동 B101호 (논현동)","2022-03-18","","","46.7","1000","1900","0800","1900","0900","1900","N","","","N","","50000","N","","2500","20","4","154.42","","N","2022-03-07 11:45:44.0","2026-04-23 13:09:41.0"
"DJ220201","동작12호점 우리동네키움센터(상도2동)","1001","우리동네키움센터","11590","동작구","1003","초등학생","126.94579853262901","37.501319951345565","07032","서울특별시 동작구 양녕로 220"," (상도동, 상도역 롯데캐슬 파크엘) 상가2층","2022-03-16","","","25","1300","1900","0900","1800","0900","1800","N","","","N","","50000","N","","2500","20","4","82.88","","N","2022-02-25 13:18:41.0","2026-03-09 15:18:07.0"
"SM220201","서대문구7호점 우리동네키움센터","1001","우리동네키움센터","11410","서대문구","1003","초등학생","126.9194","37.57411","03710","서울특별시 서대문구 모래내로15길 56","2층 서대문구 7호점 우리동네키움센터 (남가좌동)","2022-03-02","","","42","1300","1900","0900","1800","0900","1800","N","","","N","","50000","N","","2500","23","5","138.94","","N","2022-02-21 16:30:49.0","2025-12-01 16:36:11.0"
"GB220201","강북구 5호점 우리동네키움센터(송중동)","1001","우리동네키움센터","11305","강북구","1003","초등학생","127.03024","37.62302","01159","서울특별시 강북구 도봉로34길 43-13","지상1~2층 (미아동)","2022-03-02","","","48","1300","2000","0900","2000","0900","1800","N","","","N","","50000","N","","2500","20","4","161","","N","2022-02-07 08:53:35.0","2026-02-13 20:25:50.0"
"SM220102","서대문구6호점 우리동네키움센터","1001","우리동네키움센터","11410","서대문구","1003","초등학생","126.91877","37.5817","03671","서울특별시 서대문구 증가로20나길 2","2층 (북가좌동)","2022-02-03","","","47","1300","1900","0900","1800","0900","1900","N","","","N","","50000","N","","2500","25","5","100","","N","2022-01-21 14:03:51.0","2025-12-31 10:52:00.0"
"SM220101","서대문구5호점 우리동네키움센터(천연동 친구랑)","1001","우리동네키움센터","11410","서대문구","1003","초등학생","126.96108604981781","37.56956827084229","03744","서울특별시 서대문구 독립문로 28","1-2층 (옥천동)","2022-01-24","","","69.8","1300","1900","0900","1800","0900","1800","N","","","N","","50000","N","","2500","31","6","230.64","","N","2022-01-13 17:27:25.0","2026-01-30 10:06:24.0"
"MP220101","마포구7호점 우리동네키움센터(서강동)","1001","우리동네키움센터","11440","마포구","1003","초등학생","126.92769","37.54586","04077","서울특별시 마포구 토정로 149","3층 (상수동)","2022-02-18","","","37","1300","1900","0900","1800","0900","1800","N","","","N","","50000","N","","2500","20","4","125.25","","N","2022-01-12 14:07:15.0","2026-02-09 13:00:18.0"
"DB220102","도봉구 6호점 우리동네키움센터","1001","우리동네키움센터","11320","도봉구","1003","초등학생","127.03917","37.64257","01464","서울특별시 도봉구 덕릉로59아길 42","4층 (창동)","2022-02-10","","","30.8","1100","1900","0900","1800","0900","1800","N","","","N","","20000","N","","2000","20","4","102","","N","2022-01-10 16:47:56.0","2025-01-02 10:15:05.0"
"DB220101","도봉구 5호점 융합형 우리동네키움센터(마을연계)","1009","융합형키움센터","11320","도봉구","1003","초등학생","127.03144","37.65078","01442","서울특별시 도봉구 노해로 210","4층, 3층 일부 (쌍문동)","2022-01-17","","","72.3","0800","2000","0800","2000","0800","2000","Y","0900","1300","N","","20000","N","","2000","30","6","239.09","","N","2022-01-03 15:49:21.0","2026-01-06 09:57:11.0"
"DM211201","동대문구 4호점 우리동네키움센터","1001","우리동네키움센터","11230","동대문구","1003","초등학생","127.05600278940152","37.574560799790845","02540","서울특별시 동대문구 답십리로 141","생활지원센터 B1, 우리동네키움센터 (답십리동, 래미안 미드카운티)","2022-01-20","","","47","1300","1900","0900","1800","0900","1800","N","0900","1500","N","","50000","N","","2500","25","5","155","","N","2021-12-28 16:26:12.0","2026-04-08 16:35:54.0"
"JR211201","중랑구3호점 면목4동우리동네키움센터(중랑아동돌봄센터)","1001","우리동네키움센터","11260","중랑구","1003","초등학생","127.0858561064572","37.57252026704589","02255","서울특별시 중랑구 용마산로 209","상가1동 1호 (면목동, 쌍용 더 플래티넘 용마산)","2022-01-10","","","27","1000","2000","0900","2000","0900","2000","N","","","N","","50000","N","","2500","22","4","91.07","","N","2021-12-28 14:33:10.0","2026-04-01 10:30:57.0"
"NW211202","노원27호점 우리동네키움센터(중계청구3차 아이휴센터)","1001","우리동네키움센터","11350","노원구","1003","초등학생","127.07571","37.6499","01742","서울특별시 노원구 중계로 233","101동 104호 (중계동, 청구3차아파트)","2022-01-10","","","25.6","1200","2000","0900","2000","0900","2000","N","","","N","","20000","N","","2500","26","5","84.77","","N","2021-12-14 12:22:19.0","2025-10-20 14:55:59.0"
"NW211201","노원26호점 우리동네키움센터(중계온마을 아이휴센터)","1001","우리동네키움센터","11350","노원구","1003","초등학생","127.075","37.65971","01699","서울특별시 노원구 한글비석로 371","중계온마을센터 가동 1층 (중계동)","2022-02-11","","","38","1200","2000","0900","2000","0900","2000","N","","","N","","20000","N","","2500","30","5","128","","N","2021-12-14 11:42:59.0","2025-10-15 11:40:34.0"
"NW211101","노원25호점 우리동네키움센터(하계어울림융합형 아이휴센터)","1009","융합형키움센터","11350","노원구","1003","초등학생","127.07229","37.63601","01809","서울특별시 노원구 공릉로62길 18","하계어울림센터 3층 (하계동)","2021-12-06","","","110","0900","2000","0900","2000","0900","2000","Y","0900","1300","N","","20000","N","","2500","40","8","365.68","","N","2021-11-22 15:32:08.0","2026-03-11 16:42:15.0"
"GJ211101","광진10호점 우리동네키움센터","1001","우리동네키움센터","11215","광진구","1003","초등학생","127.08540416159099","37.56491402988514","04933","서울특별시 광진구 능동로 400","보건복지행정타운 별관 3층(엘리베이터 12호기 이용)","2021-11-15","","","28","1000","2000","0900","1800","1000","1800","N","","","N","","50000","","0","","20","4","98.7","","N","2021-11-16 14:07:38.0","2025-10-17 09:24:05.0"
"DJ211101","동작11호점 우리동네키움센터(상도4동)","1001","우리동네키움센터","11590","동작구","1003","초등학생","126.93779","37.50061","06961","서울특별시 동작구 성대로29길 53","3층 (상도동)","2021-11-01","","","51","1300","1900","0900","1800","0900","1800","N","","","N","","50000","N","","2500","30","6","169","","N","2021-11-01 19:05:46.0","2025-10-15 17:32:45.0"
"BP211001","제3호(종로?서대문권) 거점형 우리동네키움센터","1008","거점형키움센터","11110","종로구","1003","초등학생","126.96113","37.57214","03165","서울특별시 종로구 사직로 8","2~6층 (교북동)","2021-10-27","","","","1300","2000","0800","2000","0800","2000","Y","1000","1800","","0","","N","","2500","0","23","","11410,11110","N","2021-10-28 15:56:34.0","2026-04-22 14:23:01.0"
"YF211001","영등포12호점 우리동네키움센터(신길7동 아이랜드)","1001","우리동네키움센터","11560","영등포구","1003","초등학생","126.92156","37.50601","07360","서울특별시 영등포구 여의대방로43길 7-5","1층 (신길동)","2021-10-25","","","26","1100","1900","0900","1900","0900","1900","N","","","","0","","Y","","","20","4","85","","N","2021-10-21 15:08:57.0","2025-09-11 12:03:27.0"
"KC211001","금천구 2호점 우리동네키움센터(시흥2동)","1001","우리동네키움센터","11545","금천구","1003","초등학생","126.91466084553336","37.45031110186032","08656","서울특별시 금천구 금하로 763","벽산중심상가동 302호 (시흥동)","2021-09-14","","","31","1000","1900","0900","1900","0900","1900","N","","","N","","50000","N","","2500","20","4","103.28","","N","2021-10-12 19:34:00.0","2026-01-02 14:34:39.0"
"SC211002","서초5호점 우리동네키움센터(서초구립 방배동 초등키움센터)","1001","우리동네키움센터","11650","서초구","1003","초등학생","126.99406","37.48536","06672","서울특별시 서초구 서초대로24길 48","2층 (방배동)","2021-11-12","","","33","1300","1900","0900","1800","0900","1800","N","","","Y","0","","Y","0","","20","4","112","","N","2021-10-07 11:45:15.0","2026-02-26 14:44:07.0"
"SP211001","송파16호점 우리동네키움센터(문정1동 송파키움센터)","1001","우리동네키움센터","11710","송파구","1003","초등학생","127.12788","37.49014","05796","서울특별시 송파구 송이로 198-1","2층 (문정동)","2021-10-01","","","42.35","1300","1900","0900","1900","0900","1900","N","","","N","","50000","N","","2500","30","6","168.36","","N","2021-10-05 17:10:43.0","2025-10-20 14:26:16.0"
"GD211001","강동6호점 아이플러스키움센터(융합형)","1009","융합형키움센터","11740","강동구","1003","초등학생","127.12715","37.54822","05318","서울특별시 강동구 올림픽로 752","3층 (천호동)","2021-11-01","","","100","0900","2000","0800","2000","0900","2000","Y","0900","1300","N","","50000","N","","2500","40","8","346","","N","2021-10-05 16:57:00.0","2026-03-17 14:35:18.0"
"SC211001","서초6호점 우리동네키움센터 (서초구립 서초동 초등키움센터)","1001","우리동네키움센터","11650","서초구","1003","초등학생","127.01087","37.48195","06710","서울특별시 서초구 반포대로5길 14","신영빌딩 2층 (서초동)","2021-11-30","","","30","1300","1900","0900","1800","0900","1800","N","","","Y","0","","","0","","20","4","100","","N","2021-10-05 13:13:48.0","2025-10-15 17:54:04.0"
"SB210903","성북7호점 우리동네키움센터(길음1동)","1001","우리동네키움센터","11290","성북구","1003","초등학생","127.02002","37.61163","02723","서울특별시 성북구 길음로 118","e편한세상 404동 101호 (길음동, 길음뉴타운)","2021-10-01","","","35","1000","1900","0900","1800","1000","1900","N","","","N","","50000","N","","2500","20","4","87","","N","2021-09-24 16:48:21.0","2026-03-25 09:33:39.0"
"SC210901","서초4호점 우리동네키움센터 (서초구립 반포동 초등키움센터)","1001","우리동네키움센터","11650","서초구","1003","초등학생","127.01101","37.50997","06522","서울특별시 서초구 신반포로33길 22","반포종합사회복지관 2층 (잠원동)","2021-11-12","","","40.535","1300","1900","0900","1800","0900","1800","N","","","Y","","","Y","","","25","5","134","","N","2021-09-23 17:47:36.0","2026-02-06 17:49:32.0"
"SB210902","성북6호점 우리동네키움센터(돈암2동)","1001","우리동네키움센터","11290","성북구","1003","초등학생","127.01316300642881","37.60023389025289","02826","서울특별시 성북구 아리랑로 89","우리동네키움센터 성북6호점 (돈암동, 일신건영휴먼빌아파트)","2021-10-01","","","46.3","1000","2000","0900","1800","0900","1800","N","","","N","","50000","N","","2500","30","6","152.79","","N","2021-09-13 14:19:39.0","2025-10-24 11:35:24.0"
"MP210901","마포구6호점 우리동네키움센터(염리동)","1001","우리동네키움센터","11440","마포구","1003","초등학생","126.9487051748885","37.554692315559635","04123","서울특별시 마포구 대흥로24길 50","1층 (염리동)","2021-10-18","","","63","1000","1900","0900","1800","0900","1900","N","","","N","","50000","N","","2500","24","4","208.37","","N","2021-09-03 12:59:24.0","2026-01-30 14:51:50.0"
"GR210801","구로17호점 우리동네키움센터(오정)","1001","우리동네키움센터","11530","구로구","1003","초등학생","126.82984734235758","37.48896317600004","08358","서울특별시 구로구 오리로13가길 30","1층 (오류동, 동보아파트 상가)","2021-09-01","","","20","1300","1900","0900","1800","0900","1800","N","","","N","","50000","N","","2500","20","4","90.4","","N","2021-08-24 15:38:12.0","2026-01-05 17:50:33.0"
"SB210805","성북10호점 우리동네키움센터 (종암동)","1001","우리동네키움센터","11290","성북구","1003","초등학생","127.03147","37.60009","02803","서울특별시 성북구 종암로25길 29","2층 (종암동)","2021-09-01","","","51","1300","1900","0900","1900","0900","1900","N","","","N","","50000","N","","2500","30","6","168.7","","N","2021-08-13 10:08:09.0","2023-12-26 16:36:29.0"
"YF210801","영등포11호점 우리동네키움센터(영등포동 아이랜드)","1001","우리동네키움센터","11560","영등포구","1003","초등학생","126.91387001151038","37.52383934333974","07247","서울특별시 영등포구 버드나루로7길 16","2층 (영등포동7가)","2021-09-01","","","40","1300","1900","0900","1900","0900","1900","N","","","","0","","Y","0","","25","5","132","","N","2021-08-12 20:18:24.0","2026-03-24 17:32:03.0"
"SB210803","성북5호점 우리동네키움센터(정릉2동)","1001","우리동네키움센터","11290","성북구","1003","초등학생","127.00792","37.6007","02821","서울특별시 성북구 아리랑로19다길 12","성북5호점 우리동네키움센터 (정릉동)","2021-09-01","","","58","0900","1900","0800","1900","0900","1900","N","0700","1900","N","","50000","N","","2500","30","6","194.22","","N","2021-08-11 10:53:16.0","2026-02-09 15:25:39.0"
"SB210801","성북3호점 우리동네키움센터(동선동)","1001","우리동네키움센터","11290","성북구","1003","초등학생","127.01562","37.59531","02830","서울특별시 성북구 아리랑로 27-3","2층, 3층 (동소문동6가)","2021-09-01","","","45","1000","2000","0800","1900","1000","1900","N","","","N","","50000","N","","2500","30","6","149","","N","2021-08-10 17:15:48.0","2026-04-14 10:53:10.0"
"GD210701","강동5호점 고덕2동 우리동네키움센터","1001","우리동네키움센터","11740","강동구","1003","초등학생","127.16246","37.56053","05220","서울특별시 강동구 동남로82길 97","3층 (고덕동)","2021-08-02","","","50","1000","1900","0900","1800","0900","1800","N","","","N","","50000","N","","2500","25","5","175","","N","2021-07-29 17:11:04.0","2025-10-23 10:01:19.0"
"JG210701","중구7호점 우리동네키움센터(중구 초등돌봄 동화키움센터)","1001","우리동네키움센터","11140","중구","1003","초등학생","127.01497","37.56077","04586","서울특별시 중구 청구로6길 20","효종빌딩 2층 (신당동)","2021-07-16","","","20","1100","2000","0800","2000","0800","2000","N","","","Y","","","Y","0","","20","4","66","","N","2021-07-21 10:49:30.0","2025-10-16 09:21:22.0"
"YF210702","영등포10호점 우리동네키움센터(신길5동 아이랜드)","1001","우리동네키움센터","11560","영등포구","1003","초등학생","126.90895","37.50381","07397","서울특별시 영등포구 신길로29길 5","2층 (신길동)","2021-07-12","","","25","0900","1900","0900","1900","0900","1900","N","","","","0","","Y","0","","20","4","84","","N","2021-07-11 16:58:03.0","2025-01-02 09:14:19.0"
"YF210701","영등포9호점 우리동네키움센터(대림3동 아이랜드)","1001","우리동네키움센터","11560","영등포구","1003","초등학생","126.8952","37.50072","07377","서울특별시 영등포구 대림로41길 18","2층 (대림동)","2021-07-12","","","23","0900","1900","0900","1900","0900","1900","N","","","","0","","Y","0","","20","4","78","","N","2021-07-11 16:54:45.0","2026-01-02 10:31:58.0"
"GJ210601","광진9호점 우리동네키움센터","1001","우리동네키움센터","11215","광진구","1003","초등학생","127.0929","37.5479","04981","서울특별시 광진구 천호대로 716","별관 1호 (구의동, 아차산 포레안)","2021-07-01","","","21.3","1300","2000","0900","1800","0900","1800","N","","","N","","50000","N","","2500","16","1","70.56","","N","2021-06-22 13:18:51.0","2025-06-18 11:23:41.0"
"MP210603","마포5호점 우리동네키움센터(아현동)","1001","우리동네키움센터","11440","마포구","1003","초등학생","126.9498","37.54519","04147","서울특별시 마포구 백범로31길 8","공덕sk리더스뷰 (공덕동, 공덕SK리더스뷰) 201동 3층(동아냉면 옆)","2021-06-28","","","73","1300","1900","0800","1900","0900","1900","N","","","N","","50000","N","","2500","30","6","243.67","","N","2021-06-15 18:26:35.0","2025-02-03 19:09:03.0"
"EP210601","은평9호점 우리동네키움센터","1001","우리동네키움센터","11380","은평구","1003","초등학생","126.90744","37.59634","03440","서울특별시 은평구 가좌로11길 7","2층 (신사동)","2021-07-19","","","24","1300","1900","0900","1800","0900","1800","N","","","N","","50000","N","","2500","20","4","78.46","","N","2021-06-09 16:11:36.0","2025-09-03 15:57:05.0"
"MP210601","마포4호점 융합형 우리동네키움센터(공덕동)","1009","융합형키움센터","11440","마포구","1003","초등학생","126.95994","37.54879","04185","서울특별시 마포구 만리재로 96","2~3층 (공덕동, 공덕헤리지움)","2021-06-28","","","86.83","1200","2000","0800","2000","0800","2000","Y","0900","1400","N","","50000","N","","2500","32","6","332.74","","N","2021-06-03 17:22:50.0","2025-10-16 14:42:42.0"
"JN210401","종로구5호점 우리동네키움센터","1001","우리동네키움센터","11110","종로구","1003","초등학생","126.96005","37.57583","03024","서울특별시 종로구 통일로18길 34","203동 지하 2층 (무악동, 인왕산2차아이파크아파트)","2021-05-31","","","37.1","0900","1900","0900","1900","0900","1900","N","","","N","","50000","N","","2500","20","4","122.69","","N","2021-04-27 15:51:02.0","2026-03-09 13:41:30.0"
"GR210401","구로16호점 우리동네키움센터(궁동)","1001","우리동네키움센터","11530","구로구","1003","초등학생","126.82963","37.49903","08249","서울특별시 구로구 오리로22길 5","1층 (궁동)","2021-05-01","","","21","1000","1900","0900","1900","0900","1900","N","","","N","","50000","N","","2500","20","4","70.56","","N","2021-04-26 10:07:17.0","2025-10-15 18:13:30.0"
"GD210402","강동4호점 성내1동 우리동네키움센터","1001","우리동네키움센터","11740","강동구","1003","초등학생","127.12506782981711","37.52641973506129","05400","서울특별시 강동구 성내로6다길 55","109동 2층 201호 (성내동, 서도휴빌)","2021-05-10","","","26","1000","1900","0900","1800","0900","1900","N","","","N","","50000","N","","2500","20","4","88.95","","N","2021-04-16 11:13:00.0","2026-02-24 15:19:24.0"
"GR210311","구로15호점 융합형 우리동네키움센터(개봉동)","1009","융합형키움센터","11530","구로구","1003","초등학생","126.85782","37.4909","08332","서울특별시 구로구 개봉로18길 35","2~3층 (개봉동)","2021-04-01","","","91","0800","2000","0800","2000","0800","2000","Y","0800","1400","N","","50000","N","","2500","30","6","302","","Y","2021-03-23 18:35:29.0","2025-12-15 18:39:08.0"
"GR210310","구로14호점 우리동네키움센터(구로3동)","1001","우리동네키움센터","11530","구로구","1003","초등학생","126.89085","37.48683","08375","서울특별시 구로구 디지털로31길 93","구로종합사회복지관 2층 (구로동)","2021-04-01","","","29","1000","1900","0900","1800","0900","1800","N","","","N","","50000","N","","2500","25","4","96.48","","N","2021-03-23 16:31:10.0","2026-02-20 16:41:04.0"
"DJ210301","동작10호점 융합형 우리동네키움센터(대방동)","1009","융합형키움센터","11590","동작구","1003","초등학생","126.92518","37.4996","07055","서울특별시 동작구 상도로 42","2층 (대방동)","2021-05-03","","","69","0800","2000","0800","2000","0800","2000","Y","0800","1200","N","","50000","N","","2500","35","7","230.85","","N","2021-03-17 11:01:14.0","2026-03-03 14:04:09.0"
"GJ210301","광진8호점 우리동네키움센터","1001","우리동네키움센터","11215","광진구","1003","초등학생","127.08463","37.5428","05038","서울특별시 광진구 자양로 170","2층 (구의동)","2021-04-01","","","45.6","1300","1900","0900","1800","0900","1800","N","","","N","","50000","N","","2500","26","4","151","","N","2021-03-15 14:21:57.0","2026-02-04 12:32:39.0"
"GS210302","강서4호점 우리동네키움센터(방화2동)","1001","우리동네키움센터","11500","강서구","1003","초등학생","126.80763856012994","37.571418936520786","07602","서울특별시 강서구 양천로10길 38","106동 105호 (방화동, 신마곡벽산블루밍)","2021-03-10","","","80","0900","1900","0900","1800","0900","1900","N","","","N","","50000","N","","2500","25","5","267","","N","2021-03-08 11:57:36.0","2026-01-02 13:26:06.0"
"GS210301","강서3호점 우리동네키움센터(화곡본동)","1001","우리동네키움센터","11500","강서구","1003","초등학생","126.84605","37.54109","07722","서울특별시 강서구 까치산로6길 49","1층 (화곡동)","2021-03-09","","","40","0900","1900","0900","1900","0900","1900","N","","","N","","50000","N","","2500","20","4","132","","N","2021-03-05 11:07:20.0","2025-10-16 18:19:52.0"
"GA210202","관악1호점 우리동네키움센터","1001","우리동네키움센터","11620","관악구","1003","초등학생","126.94171","37.47612","08829","서울특별시 관악구 참숯5길 38","1층 우리동네키움센터 관악1호점 (신림동)","2021-03-08","","","31","1300","1900","0900","1900","0900","1900","N","","","N","","50000","N","","2500","20","4","102.85","","N","2021-02-23 19:32:07.0","2025-12-23 15:47:47.0"
"GA210201","관악2호점 우리동네키움센터","1001","우리동네키움센터","11620","관악구","1003","초등학생","126.92871","37.47852","08843","서울특별시 관악구 문성로32길 18","3층 (신림동)","2021-03-08","","","28.15","1300","2000","0900","1800","0900","1800","N","","","N","","50000","N","","2500","20","4","93.085","","N","2021-02-23 15:48:06.0","2024-09-02 11:28:51.0"
"SB210203","성북9호점 우리동네키움센터(정릉4동) *서울형 아침돌봄 선정 센터","1001","우리동네키움센터","11290","성북구","1003","초등학생","127.00981","37.6101","02717","서울특별시 성북구 보국문로16길 2","2층 (정릉동)","2021-03-02","","","30","0700","2000","0700","1900","0900","1900","N","","","N","","50000","N","","2500","23","5","90","","Y","2021-02-18 18:34:54.0","2025-05-01 09:00:26.0"
"SB210202","성북4호점 우리동네키움센터(장위2동)","1001","우리동네키움센터","11290","성북구","1003","초등학생","127.05296","37.61141","02770","서울특별시 성북구 장위로40다길 10","성북4호점 우리동네키움센터 (장위동)","2021-03-02","","","37","0900","1900","0900","1800","0900","1800","N","","","N","","50000","N","","2500","30","6","124","","N","2021-02-18 17:22:39.0","2025-10-17 13:28:38.0"
"EP210206","은평7호점 우리동네키움센터","1001","우리동네키움센터","11380","은평구","1003","초등학생","126.90834","37.61331","03426","서울특별시 은평구 서오릉로17길 19-1","1층 (구산동)","2021-03-08","","","39","1000","1900","0900","1800","0900","1800","N","","","N","","50000","N","","2500","30","6","131.32","","N","2021-02-16 20:04:13.0","2026-01-16 18:36:11.0"
"EP210205","은평8호점 융합형 우리동네키움센터(불광)*서울형 아침돌봄 운영센터","1009","융합형키움센터","11380","은평구","1003","초등학생","126.92796","37.62303","03347","서울특별시 은평구 연서로40길 2","1층, 2층 (불광동)","2021-03-15","","","71.23","1300","2000","0800","2000","0900","2000","Y","0800","1200","N","","50000","N","","2500","40","8","235.48","","Y","2021-02-16 17:30:15.0","2026-04-30 17:46:25.0"
"EP210204","은평5호점 우리동네키움센터","1001","우리동네키움센터","11380","은평구","1003","초등학생","126.92943","37.6466","03304","서울특별시 은평구 진관4로 78-7","604동 1층 (진관동, 은평뉴타운상림마을) ","2021-03-08","","","33","1300","2000","0900","1800","0900","1800","N","","","N","","50000","N","","2500","20","4","106.31","","N","2021-02-16 15:32:03.0","2026-01-21 10:19:48.0"
"SB210201","성북8호점 우리동네키움센터(길음2동)","1001","우리동네키움센터","11290","성북구","1003","초등학생","127.0275887607966","37.61038638907391","02727","서울특별시 성북구 숭인로 50","114동 1층 주민공동시설 (길음동, 래미안길음센터피스)","2021-03-02","","","32.2","0900","2000","0900","2000","0900","2000","N","","","N","","50000","N","","2500","26","5","106.5","","N","2021-02-09 23:58:28.0","2025-11-07 13:14:05.0"
"SM210201","서대문4호점 우리동네키움센터(홍은2동)","1001","우리동네키움센터","11410","서대문구","1003","초등학생","126.93427855334897","37.58015566069941","03658","서울특별시 서대문구 모래내로 334","4층(서대문구청 4별관) (홍은동)","2021-02-22","","","42.6","1200","1900","0900","1800","0900","1800","N","","","N","","50000","N","","2500","25","5","140.63","","Y","2021-02-09 17:45:41.0","2025-12-08 08:47:26.0"
"EP210203","은평6호점 우리동네키움센터","1001","우리동네키움센터","11380","은평구","1003","초등학생","126.92795561907216","37.60602807881045","03377","서울특별시 은평구 녹번로7길 36","은평6호점우리동네키움센터 (녹번동) 지하1층","2021-03-08","","","23","1000","2000","0900","1900","0900","1800","Y","","","N","","50000","N","","2500","20","4","73","","N","2021-02-05 14:59:55.0","2025-09-13 09:09:50.0"
"DJ210206","동작9호점 우리동네키움센터(대방동)","1001","우리동네키움센터","11590","동작구","1003","초등학생","126.92809501052628","37.51101786557924","06941","서울특별시 동작구 알마타길 28","1층 (대방동)","2021-02-22","","","24","1200","1900","0900","1900","0900","1900","N","","","N","","50000","N","","2500","20","4","79.54","","N","2021-02-04 14:52:13.0","2025-12-31 19:00:41.0"
"DJ210205","동작8호점 우리동네키움센터(사당3동)","1001","우리동네키움센터","11590","동작구","1003","초등학생","126.97658818276186","37.483866483785704","07005","서울특별시 동작구 사당로 261","1층 (사당동)","2021-02-22","","","25","0900","1900","0900","1900","0900","1900","N","","","N","","50000","N","","2500","20","4","85.48","","N","2021-02-04 14:44:09.0","2026-01-02 11:21:28.0"
"DJ210204","동작7호점 우리동네키움센터(사당2동)","1001","우리동네키움센터","11590","동작구","1003","초등학생","126.98175400058803","37.489308780550296","06997","서울특별시 동작구 동작대로29가길 30","2층 (사당동)","2021-02-22","","","25","1300","1900","0900","1800","0900","1900","N","","","N","","50000","N","","2500","20","4","85.37","","N","2021-02-04 14:38:17.0","2026-04-24 15:41:45.0"
"DJ210203","동작6호점 우리동네키움센터(신상도)","1001","우리동네키움센터","11590","동작구","1003","초등학생","126.94158422440108","37.50015348330154","07047","서울특별시 동작구 양녕로29길 50","1~2층 (상도동)","2021-02-22","","","45","1300","1900","0900","1900","0900","1900","N","","","N","","50000","N","","2500","30","6","149.75","","N","2021-02-04 14:31:42.0","2026-02-06 09:26:47.0"
"DJ210202","동작5호점 우리동네키움센터(상도1동)","1001","우리동네키움센터","11590","동작구","1003","초등학생","126.95353700353828","37.50087888600973","06971","서울특별시 동작구 상도로53길 41","2층 (상도동)","2021-02-22","","","33","0900","1900","0900","1900","0900","1900","N","","","N","","50000","N","","2500","25","5","111.72","","N","2021-02-04 14:25:20.0","2025-11-03 14:59:43.0"
"DJ210201","동작4호점 우리동네키움센터(노량진1동)","1001","우리동네키움센터","11590","동작구","1003","초등학생","126.9404116748169","37.51033245334556","06924","서울특별시 동작구 장승배기로 142-1","2층 (노량진동)","2021-02-22","","","42","1300","1900","0900","1900","0900","1900","N","0900","1800","N","","50000","N","","2500","30","6","139.68","","N","2021-02-04 14:16:20.0","2026-01-05 18:01:23.0"
"SD210101","성동11호점 우리동네키움센터(신금호아이꿈누리터)","1001","우리동네키움센터","11200","성동구","1003","초등학생","127.02076","37.55448","04727","서울특별시 성동구 행당로 6","103호 (금호동1가)","2021-01-27","","","28","1300","1900","0900","1800","0900","1800","N","","","N","","50000","N","","2500","20","4","90.75","","N","2021-01-27 13:48:16.0","2026-01-02 13:06:25.0"
"YC210101","양천구 3호점 우리동네키움센터","1001","우리동네키움센터","11470","양천구","1003","초등학생","126.8457","37.51793","08069","서울특별시 양천구 남부순환로83길 54","양천구3호점 우리동네키움센터 (신월동)","2021-01-25","","","44.74","1100","2000","0900","1800","0900","1800","N","1000","1700","N","","50000","N","","2500","25","5","147.65","","N","2021-01-25 11:54:20.0","2026-03-05 10:56:08.0"
"YS210101","용산구7호점 우리동네키움센터 ","1001","우리동네키움센터","11170","용산구","1003","초등학생","126.99465","37.52047","04398","서울특별시 용산구 서빙고로 279","서빙고동주민센터, 4층 (서빙고동)","2021-01-29","","","40","0800","1900","0800","1900","0800","1900","N","","","N","","50000","N","","2500","30","6","132","","N","2021-01-22 10:11:45.0","2026-04-21 09:27:09.0"
"KC210101","금천구 3호점 우리동네키움센터(시흥1동)","1001","우리동네키움센터","11545","금천구","1003","초등학생","126.90083","37.44666","08637","서울특별시 금천구 시흥대로39길 46","상가 3층 (시흥동)","2021-01-20","","","38","1000","1900","0900","1800","0900","1800","N","","","N","","50000","N","","2500","20","4","125","","N","2021-01-20 11:31:36.0","2026-01-05 09:01:06.0"
"SP210101","송파15호점 우리동네키키움센터(잠실본동2호점 송파키움센터)","1009","융합형키움센터","11710","송파구","1003","초등학생","127.08268","37.50612","05569","서울특별시 송파구 백제고분로 139","극동빌딩 B동 2층 (잠실동)","2021-01-18","","","63.5","1200","2000","0800","2000","0900","2000","Y","0900","1300","N","","50000","N","","2500","45","9","210","","N","2021-01-16 14:43:32.0","2026-03-06 13:25:12.0"
"SM210101","서대문3호점 우리동네키움센터 융합형(홍제3동 우리동네키움센터)","1009","융합형키움센터","11410","서대문구","1003","초등학생","126.94693","37.59692","03619","서울특별시 서대문구 간호대로 35-12"," (홍제동)","2021-01-25","","","85","1200","2000","0800","2000","0800","2000","Y","0900","1300","N","","50000","N","","2500","40","8","283.18","","N","2021-01-10 14:08:14.0","2026-04-16 13:55:36.0"
"NW210101","노원24호점 우리동네키움센터(공릉비선 아이휴센터)","1001","우리동네키움센터","11350","노원구","1003","초등학생","127.08685271452013","37.625320173725804","01799","서울특별시 노원구 화랑로51길 78","504동 105호 (공릉동, 비선아파트)","2021-02-15","","","23","1200","2000","0900","2000","0900","2000","N","","","N","","20000","N","","2500","23","4","77.9","","N","2021-01-07 16:38:31.0","2026-03-25 13:12:42.0"
"JG210101","중구6호점 우리동네키움센터(중구형 초등돌봄 다산키움센터)","1001","우리동네키움센터","11140","중구","1003","초등학생","127.00954","37.55436","04598","서울특별시 중구 동호로11길 22","신당종합복지관 5층 (신당동)","2021-01-04","","","23","1300","2000","0800","2000","0800","2000","N","","","Y","0","","","0","","20","4","78","","N","2021-01-04 14:00:16.0","2026-02-13 14:31:22.0"
"YF210102","영등포8호점 우리동네키움센터(신길1동 아이랜드)","1001","우리동네키움센터","11560","영등포구","1003","초등학생","126.9156","37.51009","07348","서울특별시 영등포구 도신로54길 15-12","1층 (신길동)","2021-01-11","","","23","0900","1900","0900","1800","0900","1900","N","","","","0","","Y","","","20","4","77","","N","2021-01-02 15:06:34.0","2024-12-16 09:50:51.0"
"YF210101","영등포7호점 우리동네키움센터(당산2동 아이랜드)","1001","우리동네키움센터","11560","영등포구","1003","초등학생","126.90026","37.52864","07220","서울특별시 영등포구 국회대로37길 19","중앙빌딩 3층 (당산동4가)","2021-01-11","","","35","0900","1900","0800","1900","0900","1900","N","","","","0","","Y","0","","25","5","115","","N","2021-01-02 15:00:55.0","2026-02-10 11:26:16.0"
"YC201201","양천구 2호점 우리동네키움센터 (융합형)","1009","융합형키움센터","11470","양천구","1003","초등학생","126.8703","37.54324","07974","서울특별시 양천구 목동중앙본로 86","2층 (목동)","2021-01-11","","","72","1000","2000","0800","2000","0800","2000","Y","0900","1300","N","","50000","N","","2500","35","7","239","","N","2020-12-29 16:14:47.0","2026-04-01 12:58:49.0"
"JN201203","종로3호점 해아전 우리동네키움센터(혜화동)","1001","우리동네키움센터","11110","종로구","1003","초등학생","127.00065","37.586","03075","서울특별시 종로구 혜화로 3","1층~3층 (혜화동)","2021-01-20","","","50.5","1300","1900","0900","1800","0900","1800","N","","","N","","50000","N","","2500","20","4","167","","Y","2020-12-24 18:25:48.0","2026-03-27 09:04:18.0"
"JR201201","중랑2호점 우리동네키움센터(중랑아동돌봄센터)","1001","우리동네키움센터","11260","중랑구","1003","초등학생","127.08423","37.61948","02021","서울특별시 중랑구 신내로25가길 2","3층 303호 (묵동)","2021-02-01","","","26","1300","1900","0900","1900","0900","1900","N","","","N","","50000","N","","2500","26","0","87.36","","N","2020-12-24 10:24:42.0","2026-03-09 12:32:44.0"
"GD201202","강동3호점 강일동 우리동네키움센터(융합형)","1009","융합형키움센터","11740","강동구","1003","초등학생","127.17408","37.56464","05211","서울특별시 강동구 아리수로 421","2층 (강일동)","2020-12-28","","","88","0900","2000","0800","2000","0800","2000","Y","0900","1300","N","","50000","N","","2500","35","7","290.9","","Y","2020-12-23 12:30:50.0","2026-01-09 16:56:15.0"
"GD201201","강동2호점 명일2동 우리동네키움센터","1001","우리동네키움센터","11740","강동구","1003","초등학생","127.15465244125722","37.54875135643027","05271","서울특별시 강동구 동남로67길 21","2층 (명일동)","2020-12-28","","","21","1300","1900","0900","1800","0900","1800","N","","","N","","50000","N","","2500","20","4","83.6","","N","2020-12-23 12:03:35.0","2025-12-08 12:45:15.0"
"YS201201","용산구8호점 우리동네키움센터","1001","우리동네키움센터","11170","용산구","1003","초등학생","126.98858","37.53605","04345","서울특별시 용산구 녹사평대로40나길 37","지하1층 (이태원동)","2020-12-28","","","24","0800","1900","0800","1800","0800","1800","N","","","N","","50000","","0","","20","4","78.79","","N","2020-12-18 14:48:23.0","2025-04-29 15:05:28.0"
"SB201201","성북2호점 우리동네키움센터 융합형(석관동)","1009","융합형키움센터","11290","성북구","1003","초등학생","127.0546434337544","37.608960471399406","02790","서울특별시 성북구 화랑로 214","래미안석관 내 키움센터 (석관동, 래미안석관) / 구. 석관동 청소년공부방","2020-12-21","","","81.4","0800","2000","0800","2000","0800","2000","Y","1200","1600","N","","50000","N","","2500","35","7","269","","N","2020-12-17 14:51:49.0","2026-01-13 14:39:31.0"
"DM201201","동대문구 3호점 우리동네키움센터","1001","우리동네키움센터","11230","동대문구","1003","초등학생","127.06115703163057","37.58112397131469","02508","서울특별시 동대문구 전농로16길 51","108동 주민공동시설 1층 (전농동, 래미안아름숲)","2020-12-21","","","35.6","1300","1900","0900","1800","0900","1800","N","","","N","","50000","N","","2500","20","4","117.64","","N","2020-12-14 17:05:44.0","2026-04-03 17:11:26.0"
"KC201201","금천구 1호점 우리동네키움센터(독산1동)*서울형 아침돌봄 선정센터*","1001","우리동네키움센터","11545","금천구","1003","초등학생","126.89474","37.45858","08608","서울특별시 금천구 벚꽃로 30","2차 상가 314호 (독산동, 금천 롯데캐슬 골드파크 2차)","2020-12-01","","","24","0700","1900","0700","1900","0700","1900","N","","","N","","50000","N","","2500","20","4","79.56","","Y","2020-12-14 14:02:12.0","2026-02-12 16:26:42.0"
"SP201207","송파14호점 우리동네키움센터(장지동 송파키움센터)","1001","우리동네키움센터","11710","송파구","1003","초등학생","127.12672","37.48198","05810","서울특별시 송파구 새말로8길 9","2층 201호","2020-12-07","","","30","0900","2000","0700","2000","0800","2000","N","","","N","","50000","N","","2500","30","6","99","","N","2020-12-08 14:36:43.0","2025-10-17 18:44:02.0"
"SP201206","송파13호점 우리동네키움센터(송파2동 송파키움센터)","1001","우리동네키움센터","11710","송파구","1003","초등학생","127.11558","37.50196","05674","서울특별시 송파구 송이로10길 12","2층 (송파동)","2020-12-15","","","24.8","1300","1900","0900","1800","0900","1800","N","","","N","","50000","N","","2500","20","4","82","","N","2020-12-08 14:27:19.0","2025-10-20 18:59:11.0"
"SP201205","송파12호점 우리동네키움센터(방이1동 송파키움센터)","1001","우리동네키움센터","11710","송파구","1003","초등학생","127.11952","37.51195","05635","서울특별시 송파구 가락로 270","2층 (방이동, 우정팰리스)","2020-12-01","","","33.9","0900","1900","0900","1800","0900","1800","N","","","N","","50000","N","","2500","25","5","112","","N","2020-12-08 14:19:47.0","2025-07-15 12:40:12.0"
"SP201204","송파11호점(융합형) 우리동네키움센터(오금동 송파키움센터)","1009","융합형키움센터","11710","송파구","1003","초등학생","127.14152","37.50043","05738","서울특별시 송파구 동남로28길 40","오금청소년센터, 3층 (오금동)","2020-12-07","","","63.5","1300","2000","0800","2000","0800","2000","Y","0900","1300","N","","50000","N","","2500","40","8","210","","N","2020-12-08 14:07:06.0","2026-01-02 14:19:52.0"
"SP201203","송파10호점 우리동네키움센터(가락2동 송파키움센터)","1001","우리동네키움센터","11710","송파구","1003","초등학생","127.12721","37.49834","05822","서울특별시 송파구 중대로20길 14","2층 (가락동)","2020-12-15","","","34.8","1200","1900","0800","1800","0900","1800","N","","","N","","50000","N","","2500","30","6","115","","N","2020-12-08 13:52:44.0","2026-02-06 16:47:56.0"
"SP201202","삼전동(2호) 송파키움센터","1001","우리동네키움센터","11710","송파구","1003","초등학생","127.09461","37.50673","05601","서울특별시 송파구 석촌호수로 158","2층 (삼전동 금한빌딩)","2020-11-23","","","26.9","1000","1900","0900","1800","0900","1800","N","","","N","","50000","N","","2500","25","5","89","","N","2020-12-08 11:17:01.0","2025-06-26 19:04:22.0"
"SP201201","송파8호점 우리동네키움센터(석촌동 송파키움센터)","1001","우리동네키움센터","11710","송파구","1003","초등학생","127.10405","37.50431","05615","서울특별시 송파구 백제고분로37길 4","1층 (석촌동)","2020-11-23","","","21.8","1300","1900","0900","1800","0900","1800","N","","","N","","50000","N","","2500","20","2","72","","N","2020-12-08 10:36:45.0","2026-02-12 11:49:16.0"
"MP201201","마포3호점 우리동네키움센터(용강동)","1001","우리동네키움센터","11440","마포구","1003","초등학생","126.93806","37.54233","04162","서울특별시 마포구 대흥로4길 13","2층 (용강동)","2020-12-21","","","34","1300","1900","0900","1800","0900","1900","N","","","N","","50000","N","","2500","20","4",".113.56","","N","2020-12-07 15:51:44.0","2026-02-05 17:08:40.0"
"JN201201","종로4호점 우리동네키움센터(마을연계)(융합형)","1009","융합형키움센터","11110","종로구","1003","초등학생","127.01644","37.57699","03109","서울특별시 종로구 지봉로12길 16","201호 및 202호 (숭인동, 남광쉐르빌)","2020-12-30","","","57.8","1000","2000","0800","2000","0800","1900","Y","1000","1400","N","","50000","N","","2500","30","6","191","","N","2020-12-04 21:18:47.0","2026-01-26 10:23:31.0"
"GJ201204","광진7호점 우리동네키움센터","1001","우리동네키움센터","11215","광진구","1003","초등학생","127.09337","37.53785","05047","서울특별시 광진구 구의강변로 79","2층 (구의동)","2020-12-07","","","34.1","1300","1900","0900","1800","0900","1800","N","","","N","","50000","N","","2500","20","4","112.71","","N","2020-12-04 18:54:48.0","2025-10-17 14:16:27.0"
"GJ201203","광진6호점 우리동네키움센터","1001","우리동네키움센터","11215","광진구","1003","초등학생","127.08106","37.55951","04928","서울특별시 광진구 능동로 338","2층 (중곡동)","2020-12-01","","","51.5","1300","1900","0900","1900","0900","1800","N","","","N","","50000","","0","","25","3","170.25","","N","2020-12-04 18:50:29.0","2025-10-17 14:48:51.0"
"GJ201202","광진5호점 우리동네키움센터","1001","우리동네키움센터","11215","광진구","1003","초등학생","127.08105","37.56047","04915","서울특별시 광진구 능동로 347","2층 (중곡동)","2020-12-01","","","40","1300","1900","0900","1800","0900","1900","N","","","N","","50000","N","","2500","20","4","132.05","","N","2020-12-04 18:42:33.0","2026-01-02 09:58:30.0"
"GJ201201","광진4호점 우리동네키움센터","1001","우리동네키움센터","11215","광진구","1003","초등학생","127.09732","37.54108","04974","서울특별시 광진구 아차산로66길 8","3층 (광장동)","2020-12-01","","","25.6","1300","1900","0900","1900","0900","1800","N","","","N","","50000","N","","2500","20","4","84.72","","N","2020-12-04 18:35:05.0","2024-09-02 11:12:59.0"
"BP201201","제2호(동작?영등포권) 거점형 우리동네키움센터","1008","거점형키움센터","11590","동작구","1003","초등학생","126.9272907544614","37.512516023048185","06938","서울특별시 동작구 노량진로 10","서울가족플라자 내 1층 활동실 (대방동)","2020-12-02","","","","1300","2000","0800","2000","1000","2000","Y","1000","1800","","0","","N","","2500","0","18","","11590,11560","N","2020-12-02 10:51:24.0","2026-04-25 17:09:36.0"
"GB201101","강북구 2호점 우리동네키움센터(인수동)","1001","우리동네키움센터","11305","강북구","1003","초등학생","127.01413","37.63437","01093","서울특별시 강북구 인수봉로48길 11-3","1~2층 (수유동)","2020-12-07","","","25","1300","2000","0900","2000","0900","1800","N","","","N","","50000","N","","2500","20","4","84","","N","2020-11-27 21:27:40.0","2026-02-04 13:17:12.0"
"GN201101","강남5호점 우리동네키움센터(도성다함께키움센터)","1001","우리동네키움센터","11680","강남구","1003","초등학생","127.048","37.49852","06216","서울특별시 강남구 역삼로52길 14","304호(역삼동, 도곡프라자) (역삼동)","2020-12-28","","","37.3","1000","1900","0900","1800","0900","1800","N","","","N","","50000","N","","2500","20","4","123.16","","N","2020-11-23 13:01:52.0","2025-12-01 14:20:02.0"
"GR201104","구로13호점 우리동네키움센터(항동)","1001","우리동네키움센터","11530","구로구","1003","초등학생","126.82476","37.48116","08368","서울특별시 구로구 항동로3길 4","201호 202호 (항동)","2020-11-25","","","29","0900","1900","0800","1800","0800","1800","N","","","N","","50000","N","","2500","25","3","96.3","","N","2020-11-18 14:36:51.0","2025-01-07 11:14:08.0"
"GR201103","구로12호점 우리동네키움센터(온수동)","1001","우리동네키움센터","11530","구로구","1003","초등학생","126.82445","37.49307","08260","서울특별시 구로구 부일로 875","2층 (온수동)","2020-11-25","","","42","1000","1900","0900","1900","1000","1900","N","","","N","","50000","N","","2500","25","5","141","","N","2020-11-18 14:27:53.0","2025-10-16 09:36:03.0"
"GR201102","구로11호점 우리동네키움센터(천왕숲)","1001","우리동네키움센터","11530","구로구","1003","초등학생","126.84245","37.4837","08350","서울특별시 구로구 오리로 1102-6","106호,107호 (천왕동)","2020-11-25","","","30","0900","1900","0900","1800","0900","1900","N","","","N","","50000","N","","2500","25","5","99.5","","N","2020-11-18 14:19:45.0","2025-10-15 18:10:42.0"
"GR201101","구로10호점 우리동네키움센터(오류2동)","1001","우리동네키움센터","11530","구로구","1003","초등학생","126.83936","37.4894","08342","서울특별시 구로구 서해안로24길 27","2층 (오류동)","2020-11-25","","","21","1200","1900","0800","1800","0800","1900","N","","","N","","50000","N","","2500","20","4","70.2","","N","2020-11-18 14:14:06.0","2026-03-27 13:24:12.0"
"JN201103","종로2호점 우리동네키움센터(부암동)","1001","우리동네키움센터","11110","종로구","1003","초등학생","126.9606","37.60174","03014","서울특별시 종로구 세검정로 259","102호 (신영동, 진안빌라)","2020-11-18","","","28.4","1300","1900","0900","1800","0900","1800","N","","","N","","50000","N","","2500","20","4","94","","N","2020-11-12 17:49:14.0","2024-11-26 10:27:24.0"
"GJ201101","광진3호점 융합형우리동네키움센터","1009","융합형키움센터","11215","광진구","1003","초등학생","127.08392","37.53409","05056","서울특별시 광진구 자양로 71-7","지하1층 ~ 지상2층 (자양동)","2020-11-02","","","88.2","0800","2000","0800","2000","0800","2000","Y","0900","1300","N","","40000","N","","2500","30","6","291.33","","Y","2020-11-12 14:08:01.0","2026-04-25 09:30:53.0"
"SM201101","서대문2호점 우리동네키움센터(연희동 우리동네키움센터)","1001","우리동네키움센터","11410","서대문구","1003","초등학생","126.93285908718236","37.57003120384125","03699","서울특별시 서대문구 연희로 139-5","2층(연희동,호범빌딩) (연희동)","2020-11-09","","","32","1200","1900","0900","1800","0900","1800","N","","","N","","50000","N","","2500","25","5","107.97","","N","2020-11-02 14:11:52.0","2025-09-15 18:52:53.0"
"SP201001","송파7호점 우리동네키움센터(위례동 송파키움센터)","1001","우리동네키움센터","11710","송파구","1003","초등학생","127.13599381173061","37.47729999010418","05814","서울특별시 송파구 위례순환로 477","2321동 1층 다목적실내부 (장지동, 위례포레샤인23단지)","2020-11-09","","","41","1300","1900","0900","1800","0900","1900","N","","","N","","50000","N","","2500","25","5","136","","N","2020-10-25 20:57:55.0","2026-01-02 15:49:35.0"
"GB201001","강북구 1호점 우리동네키움센터(융합형)(수유2동)","1009","융합형키움센터","11305","강북구","1003","초등학생","127.01551","37.64862","01044","서울특별시 강북구 삼양로136길 30","2층~3층 (수유동, 다올자리)","2020-11-23","","","68.1","1300","2000","0800","2000","0800","2000","Y","0900","1300","N","","50000","N","","2500","30","6","224.74","","N","2020-10-23 16:05:30.0","2024-01-28 12:53:17.0"
"YF201001","영등포6호점 우리동네키움센터(도영 아이랜드)","1001","우리동네키움센터","11560","영등포구","1003","초등학생","126.90214","37.50993","07369","서울특별시 영등포구 도림로112길 21-15","2층 (영등포동)","2020-10-26","","","27","0900","1900","0900","1800","0900","1800","N","","","Y","","","Y","0","","20","4","89","","N","2020-10-13 17:58:20.0","2025-11-13 14:49:33.0"
"NW201001","노원23호점 우리동네키움센터(노원융합형아이휴센터)","1009","융합형키움센터","11350","노원구","1003","초등학생","127.0596","37.64097","01772","서울특별시 노원구 덕릉로70길 100"," (상계동) 노원아이돌봄센터 2층","2020-10-29","","","100","1200","2000","0900","2000","0900","2000","Y","0900","1300","N","","20000","N","","2500","40","8","318","","N","2020-10-11 16:00:51.0","2026-02-23 18:53:09.0"
"GR201001","구로9호점 우리동네키움센터(신도림동)","1001","우리동네키움센터","11530","구로구","1003","초등학생","126.87874","37.5066","08211","서울특별시 구로구 신도림로 20","401호 (신도림동)","2020-10-12","","","55","0900","1900","0900","1800","0900","1800","N","","","N","","50000","N","","2500","30","6","181","","N","2020-10-06 19:31:40.0","2026-04-21 11:14:10.0"
"GR200903","구로8호점 우리동네키움센터(고척2동)","1001","우리동네키움센터","11530","구로구","1003","초등학생","126.85552","37.50697","08239","서울특별시 구로구 중앙로15길 80","2층 (고척동)","2020-10-01","","","40","0900","1900","0900","1800","0900","1900","N","","","N","","50000","N","","2500","30","6","154","","N","2020-09-29 16:20:43.0","2025-10-15 18:22:22.0"
"BP200902","제1호(노원?도봉권) 거점형 우리동네키움센터","1008","거점형키움센터","11350","노원구","1003","초등학생","127.05127","37.67222","01614","서울특별시 노원구 동일로231다길 10"," (상계동)","2020-09-29","","","","1300","2000","0800","2000","0900","2000","Y","1000","1800","","0","","N","","2500","0","20","","11350,11320","N","2020-09-29 09:46:21.0","2026-04-06 10:28:46.0"
"YS200901","용산6호점 우리동네키움센터","1001","우리동네키움센터","11170","용산구","1003","초등학생","126.96662480713961","37.5267648742758","04387","서울특별시 용산구 서빙고로 17","용산센트럴 파크타워(한강로3가) 업무동 2층","2020-10-05","","","44","0800","1900","0800","1900","0800","1900","N","","","N","","50000","N","","2500","30","6","146.5","","Y","2020-09-27 18:20:45.0","2025-08-29 11:25:38.0"
"NW200901","노원22호점 우리동네키움센터(상계보람2단지 아이휴센터)","1001","우리동네키움센터","11350","노원구","1003","초등학생","127.06576","37.66677","01671","서울특별시 노원구 한글비석로 480","208동 102호 (상계동, 보람아파트2단지)","2020-10-05","","","20.9","1200","2000","0900","2000","0900","2000","N","","","N","","20000","N","","2500","21","4","69","","N","2020-09-22 17:58:24.0","2026-02-26 17:05:17.0"
"YF200902","영등포5호점 우리동네키움센터(여의동 아이랜드)","1001","우리동네키움센터","11560","영등포구","1003","초등학생","126.93195","37.5189","07343","서울특별시 영등포구 여의대방로 386","진주상가 404호 (여의도동)","2020-10-07","","","35","1000","1900","0800","1900","0900","1800","N","","","Y","0","","","0","","25","5","115","","Y","2020-09-20 16:56:19.0","2026-02-13 14:21:28.0"
"YF200901","영등포4호점 우리동네키움센터(문래동 아이랜드)","1001","우리동네키움센터","11560","영등포구","1003","초등학생","126.88907","37.51965","07281","서울특별시 영등포구 선유로 63","동신타워 203호 (문래동6가)","2020-10-07","","","30","1000","1900","0900","1900","0900","1900","N","","","Y","0","","","0","","25","5","99","","N","2020-09-20 16:53:01.0","2024-12-13 17:46:34.0"
"SC200802","서초3호점 우리동네키움센터(서초구립 내곡동 초등키움센터)","1001","우리동네키움센터","11650","서초구","1003","초등학생","127.05991","37.45342","06800","서울특별시 서초구 청계산로9길 70","sh플라자 3층 (내곡동)","2020-10-19","","","54","1300","1900","0900","1800","0900","1800","N","","","Y","0","","","0","","25","5","163.82","","N","2020-08-27 11:43:26.0","2026-04-21 15:16:40.0"
"SC200801","서초2호점 우리동네키움센터(서초구립 네이처힐2단지 초등키움센터)","1001","우리동네키움센터","11650","서초구","1003","초등학생","127.02177661346944","37.462507943987106","06765","서울특별시 서초구 형촌길 15","205동 (우면동) (우면동, 서초네이처힐2단지)","2020-10-19","","","30","1300","1900","0900","1800","0900","1800","N","0700","1400","Y","0","","","0","","20","4","97.18","","Y","2020-08-27 09:53:11.0","2026-03-30 09:33:25.0"
"GN200701","강남4호점 우리동네키움센터(세곡다함께키움센터)","1001","우리동네키움센터","11680","강남구","1003","초등학생","127.10732","37.47381","06370","서울특별시 강남구 밤고개로 231","훼미리타운 A동 202, 203호 (자곡동)","2020-08-18","","","53.3","0900","1900","0900","1800","0900","1800","N","","","N","","50000","N","","2500","25","5","175.95","","N","2020-07-25 12:32:00.0","2026-04-23 10:15:23.0"
"NW200701","노원21호점 우리동네키움센터(상계12단지 아이휴센터)","1001","우리동네키움센터","11350","노원구","1003","초등학생","127.05845986269372","37.665736418669695","01673","서울특별시 노원구 한글비석로 530","1207동 106호 (상계동, 상계주공12단지아파트)","2020-07-24","","","21","1200","2000","0900","2000","0900","2000","N","","","N","","20000","N","","2500","21","4","70.35","","N","2020-07-16 14:19:46.0","2026-03-27 14:14:05.0"
"YS200701","용산5호점 우리동네키움센터","1001","우리동네키움센터","11170","용산구","1003","초등학생","126.9536","37.53549","04357","서울특별시 용산구 효창원로 39","2층(도로기준 3층) (신창동)","2020-07-27","","","30","1300","1900","0900","1900","0900","1900","N","","","N","","50000","N","","2500","20","4","98.78","","N","2020-07-10 16:41:50.0","2025-05-13 10:27:27.0"
"NW200602","노원19호점 우리동네키움센터(중계무지개 아이휴센터)","1001","우리동네키움센터","11350","노원구","1003","초등학생","127.06476314263071","37.64522700999125","01781","서울특별시 노원구 동일로208길 19","201동 104호 (중계동, 중계무지개아파트)","2020-06-22","","","21","1200","2000","0900","2000","0900","2000","N","","","N","","20000","N","","2500","21","4","69.54","","N","2020-06-17 13:25:45.0","2026-03-05 09:10:15.0"
"NW200601","노원18호점 우리동네키움센터(상계1단지 아이휴센터)","1001","우리동네키움센터","11350","노원구","1003","초등학생","127.05905367346452","37.64798636347767","01765","서울특별시 노원구 덕릉로 459-21","111-101 (상계동, 상계주공1단지아파트)","2020-06-22","","","25","0900","2000","0900","2000","0900","2000","N","","","N","","20000","N","","2500","25","5","84.41","","N","2020-06-12 17:22:13.0","2026-02-19 09:49:04.0"
"GN200601","강남3호점 우리동네키움센터(청담다함께키움센터)","1001","우리동네키움센터","11680","강남구","1003","초등학생","127.05405","37.52047","06073","서울특별시 강남구 영동대로131길 26","강남청소년수련관 3층 (청담동)","2020-07-06","","","53.7","0900","1900","0800","1800","0800","1800","N","","","N","","50000","N","","2500","25","5","177.48","","N","2020-06-04 20:26:18.0","2026-01-14 11:20:30.0"
"DB200503","도봉구3호점 우리동네키움센터","1001","우리동네키움센터","11320","도봉구","1003","초등학생","127.04849180014946","37.68630524843883","01318","서울특별시 도봉구 마들로 859-19","111동 102호  (도봉동, 도봉한신아파트)","2020-05-27","","","31","1300","2000","0900","1800","0900","1800","N","","","N","","20000","N","","2000","20","4","104","","Y","2020-05-25 12:06:20.0","2025-09-16 09:31:45.0"
"DB200501","도봉4호점 우리동네키움센터","1001","우리동네키움센터","11320","도봉구","1003","초등학생","127.04506575087222","37.649114672014576","01421","서울특별시 도봉구 해등로 50","323동 101호 (창동, 주공3단지아파트)","2020-05-27","","","32","1000","1900","0900","1800","0900","1900","N","","","N","","20000","N","","2000","20","4","105.5","","N","2020-05-20 08:53:16.0","2025-10-16 17:56:26.0"
"NW200501","노원20호점 우리동네키움센터(상계두산 융합형 아이휴센터)","1009","융합형키움센터","11350","노원구","1003","초등학생","127.05375","37.67788","01606","서울특별시 노원구 동일로241길 53","관리사무소 2층 (상계동, 두산아파트)","2020-04-01","","","110","1200","2000","0900","2000","0900","2000","Y","0900","1300","N","","20000","N","","2500","40","8","362","","N","2020-05-13 15:22:31.0","2026-03-09 18:55:24.0"
"JG200501","중구5호점 우리동네키움센터(중구 초등돌봄 신당5동키움센터)","1001","우리동네키움센터","11140","중구","1003","초등학생","127.02188","37.56513","04578","서울특별시 중구 다산로44길 85","2층 (신당동)","2020-05-01","","","29","1100","2000","0800","2000","0800","2000","N","","","Y","0","","","0","","29","6","97.62","","N","2020-05-08 15:29:17.0","2026-01-19 15:41:36.0"
"SP200502","송파6호점 우리동네키움센터(문정2동 송파키움센터)","1001","우리동네키움센터","11710","송파구","1003","초등학생","127.11148","37.48977","05834","서울특별시 송파구 중대로4길 4","1층 (문정동)","2020-05-04","","","24","1300","1900","0900","1800","0900","1800","N","","","N","","50000","N","","2500","25","5","81.21","","N","2020-05-06 09:15:04.0","2026-04-20 14:01:51.0"
"SP200501","송파5호점 우리동네키움센터(가락본동 송파키움센터)","1001","우리동네키움센터","11710","송파구","1003","초등학생","127.12345","37.50073","05705","서울특별시 송파구 오금로36길 36","태연빌딩 3층 (가락동)","2020-05-04","","","36","1000","1900","0900","1800","0900","1800","N","","","N","","50000","N","","2500","25","5","120","","N","2020-05-06 09:09:39.0","2026-02-23 13:49:51.0"
"NW200407","노원17호점 우리동네키움센터(상계6단지 아이휴센터)","1001","우리동네키움센터","11350","노원구","1003","초등학생","127.06678821223257","37.652908047580674","01752","서울특별시 노원구 노해로 508","623동 101호,102호 (상계동, 상계주공6단지아파트)","2020-05-06","","","36","1200","2000","0900","2000","0900","2000","N","","","N","","20000","N","","2500","35","7","165","","N","2020-04-28 17:18:05.0","2026-01-05 16:19:38.0"
"GJ200401","광진2호점 우리동네키움센터(꿈 정함)","1001","우리동네키움센터","11215","광진구","1003","초등학생","127.08475","37.52884","05106","서울특별시 광진구 자양로3가길 28"," (자양동)","2020-05-01","","","39","1300","2000","0900","1800","0900","1800","N","","","N","","50000","N","","2500","20","4","131","","N","2020-04-22 16:35:40.0","2026-01-20 09:43:11.0"
"DJ200401","동작3호점 우리동네키움센터(사당5동)","1001","우리동네키움센터","11590","동작구","1003","초등학생","126.96653","37.4876","07030","서울특별시 동작구 사당로 154","2층 (사당동)","2020-05-08","","","33","0700","2000","0700","2000","0700","2000","N","","","N","","50000","N","","2500","20","4","83","","Y","2020-04-08 15:36:32.0","2025-07-25 10:41:30.0"
"GR200401","구로7호점 우리동네키움센터(구로융합형)","1009","융합형키움센터","11530","구로구","1003","초등학생","126.89777","37.48138","08393","서울특별시 구로구 디지털로32가길 50","3~4층 (구로동)","2020-04-01","","","69","0900","2000","0800","2000","0800","2000","Y","0900","1300","N","","50000","N","","2500","30","6","238","","N","2020-04-03 11:31:49.0","2025-06-12 09:27:42.0"
"NW200401","노원16호점 우리동네키움센터(상계다락 아이휴센터)","1001","우리동네키움센터","11350","노원구","1003","초등학생","127.07049","37.66257","01667","서울특별시 노원구 한글비석로 426-12","3층 (상계동)","2020-04-01","","","25","1200","2000","0900","2000","0900","2000","N","","","N","","20000","N","","2500","25","5","83","","N","2020-04-01 14:58:21.0","2026-01-12 10:46:41.0"
"GR200302","구로6호점 우리동네키움센터(고척1동)","1001","우리동네키움센터","11530","구로구","1003","초등학생","126.98505149596026","37.520844028327694","08227","서울특별시 구로구 중앙로1길 18-19","104동 109호 (고척동, 우성현대아파트)","2020-03-23","","","21","0900","1900","0900","1900","0900","1900","N","","","N","","50000","N","","2500","20","4","66","","N","2020-03-23 12:15:23.0","2026-02-23 18:43:52.0"
"JG200301","중구4호점 우리동네키움센터(중구 초등돌봄 약수키움센터)","1001","우리동네키움센터","11140","중구","1003","초등학생","127.01257","37.55188","04596","서울특별시 중구 동호로5길 19","1층 (신당동)","2020-03-02","","","87","1100","2000","0800","2000","0800","2000","N","","","Y","0","","","0","","81","10","290","","Y","2020-03-18 10:13:43.0","2026-01-20 11:25:39.0"
"GR200301","구로5호점 우리동네키움센터(천왕동)","1001","우리동네키움센터","11530","구로구","1003","초등학생","126.83912","37.47927","08364","서울특별시 구로구 천왕로 21","701동 1층 (천왕동, 천왕이펜하우스7단지)","2020-03-16","","","34","0900","1900","0900","1800","0900","1800","N","","","N","","50000","N","","2500","30","6","114","","N","2020-03-17 18:55:09.0","2025-11-11 10:35:41.0"
"EP200301","은평4호점 우리동네키움센터(역촌)","1001","우리동네키움센터","11380","은평구","1003","초등학생","126.91928","37.60535","03403","서울특별시 은평구 진흥로7나길 12-5","2층 (역촌안심마을 경로당) (역촌동)","2020-03-30","","","22","1000","2000","0900","1900","0900","1900","N","","","N","","50000","N","","2500","20","4","73","","N","2020-03-11 10:25:21.0","2025-02-27 22:50:37.0"
"SD200203","성동10호점 우리동네키움센터(금호대우아이꿈누리터)","1001","우리동네키움센터","11200","성동구","1003","초등학생","127.02269037029795","37.54688873137253","04738","서울특별시 성동구 독서당로 272"," 독서당로 46길 26 금호4가 주민센터 옆 금호대우아이꿈누리터 (성동10호점 우리동네키움센터)","2020-02-17","","","33","1000","2000","0900","1900","0900","1900","N","","","N","","50000","N","","2500","20","4","104.8","","N","2020-02-25 17:11:05.0","2024-09-04 11:12:25.0"
"YF200203","영등포3호점 우리동네키움센터(대림1동 아이랜드)","1001","우리동네키움센터","11560","영등포구","1003","초등학생","126.90541047639103","37.49106320074766","07438","서울특별시 영등포구 대림로8길 13-2","2층 (대림동)","2020-03-02","","","31.4","1200","1900","0800","1900","0900","1900","N","","","Y","0","","","","","20","4","103.8","","N","2020-02-16 17:04:17.0","2025-07-31 17:52:27.0"
"YF200202","영등포2호점 우리동네키움센터(당산1동 아이랜드)","1001","우리동네키움센터","11560","영등포구","1003","초등학생","126.894","37.526","07261","서울특별시 영등포구 당산로29길 9","1층 (그린앤케어센터) (당산동3가)","2020-03-02","","","35","1200","1900","0900","1800","1200","1800","N","","","","0","","Y","0","","25","5","115","","N","2020-02-16 16:52:38.0","2025-08-19 14:39:10.0"
"GR200201","구로4호점 우리동네키움센터(구로1동)","1001","우리동네키움센터","11530","구로구","1003","초등학생","126.87765197129626","37.49330555864487","08325","서울특별시 구로구 구일로4길 46","202동 106호 (구로동, 현대연예인아파트)","2020-02-01","","","25","0900","1900","0900","1800","0900","1800","N","","","N","","50000","N","","2500","25","5","84","","N","2020-02-11 18:22:03.0","2026-02-10 13:39:37.0"
"SD200201","성동9호점 우리동네키움센터(사근동아이꿈누리터)","1001","우리동네키움센터","11200","성동구","1003","초등학생","127.04533","37.5615","04761","서울특별시 성동구 사근동길 37","사근동 공공복합청사 지하1층 (사근동)","2020-02-10","","","25","0900","1900","0900","1800","0900","1800","N","","","N","","50000","N","","2500","15","0","66.8","","N","2020-02-07 15:42:33.0","2024-08-26 17:44:32.0"
"GS200203","강서1호점 우리동네키움센터(염창동)","1001","우리동네키움센터","11500","강서구","1003","초등학생","126.87322916778038","37.555249117708826","07535","서울특별시 강서구 양천로67길 93-22","염창1빗물펌프장 2층 (염창동)","2020-02-17","","","67","0900","1900","0900","1800","0900","1800","N","","","N","","50000","N","","2500","25","5","223","","N","2020-02-04 10:36:17.0","2026-04-09 11:28:11.0"
"GS200202","강서2호점 우리동네키움센터(방화3동)","1001","우리동네키움센터","11500","강서구","1003","초등학생","126.81398","37.57958","07511","서울특별시 강서구 금낭화로 162","1층 (방화동, 방화메이빌아파트)","2020-02-03","","","37","1300","1900","0900","1800","1000","1900","N","0700","1500","N","","50000","N","","2500","20","4","121","","N","2020-02-04 10:13:04.0","2026-03-17 18:29:32.0"
"DJ200127","동작2호점 우리동네키움센터(신대방1동)","1001","우리동네키움센터","11590","동작구","1003","초등학생","126.91264351937548","37.489467027924164","07066","서울특별시 동작구 신대방2길 42-10","3층 (신대방동)","2020-01-06","","","55","1000","1900","0800","1900","0900","1900","N","","","N","","50000","N","","2500","20","4","182","","N","2020-01-17 14:51:25.0","2025-06-09 13:24:57.0"
"YS200110","용산2호점 우리동네키움센터","1001","우리동네키움센터","11170","용산구","1003","초등학생","126.95423","37.52685","04374","서울특별시 용산구 이촌로2가길 75","1층 (이촌동)","2019-12-20","","","25","0800","1900","0800","1900","0800","1900","N","","","N","","50000","N","","2500","20","4","82","","N","2020-01-14 17:50:10.0","2024-08-20 10:27:53.0"
"YS200109","용산4호점 우리동네키움센터","1001","우리동네키움센터","11170","용산구","1003","초등학생","126.96267","37.54227","04312","서울특별시 용산구 효창원로 160","효창그리스도의교회 1층 (청파동3가)","2019-12-30","","","50","0900","1900","0800","1900","0800","1900","N","","","N","","50000","N","","2500","30","6","165","","N","2020-01-14 16:46:22.0","2026-04-22 08:50:28.0"
"GR200128","구로3호점 우리동네키움센터(구로2동)","1001","우리동네키움센터","11530","구로구","1003","초등학생","126.88016","37.49734","08281","서울특별시 구로구 벚꽃로 484","2층 (구로동, 화원종합사회복지관)","2020-01-01","","","33","1300","1900","0900","1800","0900","1800","N","0900","1300","N","","50000","N","","2500","25","5","117","","N","2020-01-14 11:20:34.0","2026-01-19 14:04:22.0"
"NW200151","노원15호점 우리동네키움센터(상계동아불암 아이휴센터)","1001","우리동네키움센터","11350","노원구","1003","초등학생","127.07915","37.6667","01647","서울특별시 노원구 덕릉로 780","102동 101호 (상계동, 동아불암아파트)","2020-02-12","","","32","1200","2000","0900","2000","0900","2000","N","","","N","","20000","N","","2500","32","6","84.9","","N","2020-01-09 14:44:13.0","2025-10-17 15:33:53.0"
"NW200150","노원14호점 우리동네키움센터(상계15단지 아이휴센터)","1001","우리동네키움센터","11350","노원구","1003","초등학생","127.05567055175439","37.669770049788106","01617","서울특별시 노원구 동일로227길 26","1510동 107호, 108호 (상계동, 상계주공15단지아파트)","2020-01-02","","","28","0900","2000","0900","2000","0900","2000","N","","","N","","20000","N","","2500","28","6","93.14","","N","2020-01-09 13:37:43.0","2025-07-04 10:37:17.0"
"NW200125","노원12호점 우리동네키움센터(은빛1단지아이휴센터)","1001","우리동네키움센터","11350","노원구","1003","초등학생","127.0528940817675","37.68158137066275","01603","서울특별시 노원구 동일로245길 162","109동 108호 (상계동, 은빛1단지아파트)","2019-12-20","","","21","1300","2000","0900","2000","0900","2000","N","","","N","","20000","N","","2500","21","4","69.42","","Y","2020-01-08 15:17:48.0","2025-01-03 16:51:18.0"
"EP200129","은평3호점 우리동네키움센터(응암)","1001","우리동네키움센터","11380","은평구","1003","초등학생","126.92352","37.59183","03477","서울특별시 은평구 백련산로 38","커뮤니티센터 b1 (응암동, 백련산 힐스테이트 2차)","2020-02-17","","","40","1000","2000","0900","1900","0900","1800","N","","","N","","50000","N","","2500","20","4","117","","N","2020-01-07 13:54:43.0","2025-01-08 09:10:54.0"
"NW200124","노원13호점 우리동네키움센터(월계극동아이휴센터)","1001","우리동네키움센터","11350","노원구","1003","초등학생","127.04598","37.62955","01873","서울특별시 노원구 덕릉로60길 266","102동 105호 (월계동, 극동아파트)","2019-12-30","","","28","1300","2000","0900","2000","0900","2000","N","","","N","","20000","N","","2500","28","4","95.31","","N","2020-01-06 10:19:10.0","2025-10-21 16:07:18.0"
"JG191212","중구3호점 우리동네키움센터(중구 초등돌봄 손기정키움센터)","1001","우리동네키움센터","11140","중구","1003","초등학생","126.9645378795499","37.55589311198142","04501","서울특별시 중구 손기정로 101","손기정문화도서관 1층 (만리동2가)","2019-12-27","","","40","1100","2000","0800","2000","0800","2000","N","","","Y","0","","","0","","34","6","220","","N","2019-12-30 11:26:17.0","2026-03-10 15:34:10.0"
"JG191211","중구2호점 우리동네키움센터(중구 초등돌봄 중림키움센터)","1001","우리동네키움센터","11140","중구","1003","초등학생","126.96625","37.55952","04506","서울특별시 중구 서소문로6길 16","종림종합복지센터 별관4층 (중림동)","2019-12-27","","","35","1200","2000","0800","2000","0800","2000","N","","","Y","0","","","0","","36","8","114","","N","2019-12-30 11:16:33.0","2026-02-27 18:44:35.0"
"EP191202","은평2호점 우리동네키움센터(갈현)","1001","우리동네키움센터","11380","은평구","1003","초등학생","126.91674","37.61748","03332","서울특별시 은평구 연서로25길 22","갈현우리동네키움센터 (갈현동)","2019-12-01","","","20","1300","2000","0900","1800","0900","1800","N","","","N","","50000","N","","2500","20","8","67","","N","2019-12-17 20:02:06.0","2026-01-15 13:11:54.0"
"SD191202","성동8호점 우리동네키움센터(성동복지관아이꿈누리터)","1001","우리동네키움센터","11200","성동구","1003","초등학생","127.03348","37.57023","04704","서울특별시 성동구 청계천로 506","성동종합사회복지관 5층 (마장동)","2019-12-12","","","23","0900","1900","0900","1800","0900","1800","N","","","N","","50000","N","","2500","20","4","75.79","","N","2019-12-12 18:52:51.0","2026-02-27 13:58:25.0"
"SD191201","성동7호점 우리동네키움센터(옥수복지관아이꿈누리터)","1001","우리동네키움센터","11200","성동구","1003","초등학생","127.01276","37.54047","04736","서울특별시 성동구 한림말길 16-5","옥수종합사회복지관 3층 (옥수동)","2019-12-12","","","30","0900","1900","0900","1900","0900","1900","N","","","N","","50000","N","","2500","20","4","100","","N","2019-12-12 13:37:19.0","2026-01-13 10:24:15.0"
"EP191201","은평1호점 우리동네키움센터(진관)","1001","우리동네키움센터","11380","은평구","1003","초등학생","126.9164203916887","37.63578088248035","03312","서울특별시 은평구 통일로 1045","지하 1층 사회적기업1 (진관동, 이룸채)","2020-02-17","","","31","1300","2000","0900","1800","0900","1800","N","","","N","","50000","N","","2500","12","4","102","","N","2019-12-06 18:12:30.0","2025-01-02 10:00:51.0"
"GN191142","강남2호점 우리동네키움센터 (역삼다함께키움센터)","1001","우리동네키움센터","11680","강남구","1003","초등학생","127.04094","37.49398","06228","서울특별시 강남구 논현로64길 7","3층 (역삼동)","2019-11-25","","","40","1000","1900","0900","1800","0900","1800","N","","","N","","50000","N","","2500","20","4","133","","N","2019-11-28 15:10:31.0","2025-12-11 11:26:44.0"
"NW191115","노원11호점 우리동네키움센터(산마루아이휴센터)","1001","우리동네키움센터","11350","노원구","1003","초등학생","127.08148865355034","37.646682251522385","01725","서울특별시 노원구 중계로12길 24","103동 103호 (중계동, 금호아파트)","2019-11-20","","","23","0900","2000","0900","2000","0900","2000","N","","","N","","20000","N","","2500","20","4","59.52","","N","2019-11-27 12:01:43.0","2026-03-03 13:34:57.0"
"JG191102","중구1호점 우리동네키움센터(중구 초등돌봄 신당키움센터)","1001","우리동네키움센터","11140","중구","1003","초등학생","127.01352","37.56111","04610","서울특별시 중구 다산로29길 10","3층, 중구 1호점 우리동네키움센터 (신당동)","2019-11-25","","","26","1100","2000","0800","2000","0800","2000","N","","","Y","0","","","0","0","28","5","86","","N","2019-11-26 20:42:46.0","2026-02-13 16:15:52.0"
"NW191113","노원1호점 우리동네키움센터(월계문화아이휴센터)","1001","우리동네키움센터","11350","노원구","1003","초등학생","127.05078","37.62427","01884","서울특별시 노원구 월계로42길 9","2층 다함께돌봄센터 (월계동)","2018-07-25","","","20","0900","2000","0900","2000","0900","2000","N","","","N","","20000","N","","2500","20","4","66","","N","2019-11-25 13:43:06.0","2026-04-30 19:26:49.0"
"NW191114","노원7호점 우리동네키움센터(하계극동아이휴센터)","1001","우리동네키움센터","11350","노원구","1003","초등학생","127.06468","37.63613","01776","서울특별시 노원구 섬밭로 229","3-111 (하계동, 극동아파트)","2019-07-09","","","26","1200","2000","0900","2000","0900","2000","N","","","N","","20000","N","","2500","25","5","83.58","","N","2019-11-25 13:18:55.0","2026-01-20 13:49:48.0"
"NW191109","노원5호점 우리동네키움센터(상계3단지아이휴센터)","1001","우리동네키움센터","11350","노원구","1003","초등학생","127.05596485642638","37.650678151692155","01761","서울특별시 노원구 동일로 215길 48 (상계주공3단지아파트)","326동 112호","2019-05-29","","","23","1200","2000","0900","2000","0900","2000","N","","","N","","20000","N","","2500","23","4","78.87","","N","2019-11-25 13:18:31.0","2026-01-29 14:30:32.0"
"NW191105","노원2호점 우리동네키움센터(상계10단지아이휴센터)","1001","우리동네키움센터","11350","노원구","1003","초등학생","127.05767","37.66215","01675","서울특별시 노원구 노원로 564","1021동 104호 (상계동, 상계주공10단지아파트)","2019-01-01","","","20","0900","2000","0900","2000","0900","2000","N","","","N","","20000","N","","2500","20","4","56.4","","N","2019-11-25 13:18:31.0","2026-01-02 10:52:56.0"
"NW191108","노원4호점 우리동네키움센터(달빛마실 아이휴센터)","1001","우리동네키움센터","11350","노원구","1003","초등학생","127.05877485589907","37.62132856639123","01891","서울특별시 노원구 광운로13길 9","(월계동)","2019-04-01","","","20","1200","2000","0900","2000","0900","2000","N","","","N","","20000","N","","2500","20","4","67.65","","N","2019-11-25 13:18:31.0","2026-03-03 18:07:58.0"
"NW191111","노원9호점 우리동네키움센터(상계7단지아이휴센터)","1001","우리동네키움센터","11350","노원구","1003","초등학생","127.06175630737766","37.66028048649215","01690","서울특별시 노원구 동일로 1456","718동 106호 (상계동, 상계주공7단지아파트)","2019-09-30","","","20","1200","2000","0900","2000","0900","2000","N","","","N","","20000","N","","2500","20","4","66","","N","2019-11-25 13:18:31.0","2025-10-20 15:49:59.0"
"NW191112","노원8호점 우리동네키움센터(월계그랑빌아이휴센터)","1001","우리동네키움센터","11350","노원구","1003","초등학생","127.06709","37.61874","01913","서울특별시 노원구 마들로 31","115동 104호 (월계동, 그랑빌아파트)","2019-07-22","","","24","1300","2000","0900","2000","0900","2000","N","","","N","","20000","N","","2500","24","4","80","","N","2019-11-25 13:18:31.0","2025-07-02 14:19:40.0"
"NW191110","노원3호점 우리동네키움센터(상계5간촌아이휴센터)","1001","우리동네키움센터","11350","노원구","1003","초등학생","127.0663","37.66267","01679","서울특별시 노원구 한글비석로49길 36","1층 (상계동)","2019-01-30","","","27","1200","2000","0900","2000","0900","2000","N","","","N","","20000","N","","2500","28","4","91.8","","N","2019-11-25 13:18:31.0","2026-02-10 09:09:51.0"
"NW191107","노원6호점 우리동네키움센터(공릉태강아이휴센터)","1001","우리동네키움센터","11350","노원구","1003","초등학생","127.08362036466934","37.6229253618775","01820","서울시 노원구 공릉로 34길 62 태강아파트 ","1002동 101호","2019-06-20","","","20","1200","2000","0900","2000","0900","2000","N","","","N","","20000","N","","2500","20","4","82.99","","N","2019-11-25 13:18:31.0","2026-03-11 16:33:10.0"
"NW191106","노원10호점 우리동네키움센터(공릉라이프아이휴센터)","1001","우리동네키움센터","11350","노원구","1003","초등학생","127.06819","37.6271","01854","서울시 노원구 섬밭로 123","관리동 2층 공릉라이프 아이휴센터","2019-10-10","","","23","1200","2000","0900","2000","0900","2000","N","","","N","","20000","N","","2500","23","4","78","","N","2019-11-25 13:18:31.0","2025-07-01 11:59:41.0"
"JN191103","종로1호점 우리동네키움센터(청운효자동)","1001","우리동네키움센터","11110","종로구","1003","초등학생","126.96743","37.58353","03035","서울시 종로구 필운대로 86","2층 (신교동)  ","2020-03-25","","","22.42","0900","1900","0900","1800","0900","1800","N","","","N","","50000","N","","2500","20","4","74.84","","N","2019-11-25 13:18:31.0","2025-07-01 14:50:13.0"
"SD191105","성동5호점 우리동네키움센터(성수복지관아이꿈누리터)","1001","우리동네키움센터","11200","성동구","1003","초등학생","127.04698","37.54543","04778","서울특별시 성동구 뚝섬로1길 43","성수종합사회복지관 6층 605호","2019-10-01","","","32","1300","1900","0900","1800","0900","1800","N","","","N","","50000","N","","2500","23","5","106","","N","2019-11-22 11:21:00.0","2025-02-12 18:12:12.0"
"DB191106","도봉1호점 방아골우리동네키움센터","1001","우리동네키움센터","11320","도봉구","1003","초등학생","127.032705740131","37.669292150957204","01314","서울시 도봉구 시루봉로 17길 42","방아골종합사회복지관 2층","2021-04-05","","","24.2","1300","1900","0900","1800","1300","1900","N","","","N","","20000","N","","2000","20","4","80","","N","2019-11-22 11:21:00.0","2025-10-16 14:25:13.0"
"SD191101","성동1호점 우리동네키움센터(스위첸아이꿈누리터)","1001","우리동네키움센터","11200","성동구","1003","초등학생","127.02685","37.56058","04711","서울특별시 성동구 무학봉길 35 KCC스위첸아파트","103동 205호","2019-03-07","","","33","1300","2000","0900","1800","0900","1800","N","","","N","","50000","N","","2500","20","4","107","","N","2019-11-22 11:21:00.0","2025-07-14 15:21:12.0"
"SD191103","성동3호점 우리동네키움센터(마장아이꿈누리터)","1001","우리동네키움센터","11200","성동구","1003","초등학생","127.04306","37.56823","04753","서울특별시 성동구 마장로39길 33","2층","2019-08-30","","","17","1300","1900","0900","1800","0900","1800","N","","","N","","50000","N","","2500","20","4","54.92","","N","2019-11-22 11:21:00.0","2026-01-09 14:22:44.0"
"GJ191101","광진1호점 우리동네키움센터","1001","우리동네키움센터","11215","광진구","1003","초등학생","127.07526","37.53294","05092","서울특별시 광진구 자양번영로 35","자양종합사회복지관 4층 (자양동)","2019-09-02","","","23","1300","2000","0900","1900","1000","2000","N","","","N","","50000","N","","2500","20","4","76.15","","N","2019-11-22 11:21:00.0","2025-10-16 18:28:20.0"
"SD191106","성동6호점 우리동네키움센터(성수쌍용아이꿈누리터)","1001","우리동네키움센터","11200","성동구","1003","초등학생","127.04712","37.55013","04788","서울특별시 성동구 상원길63 쌍용아파트","105동 101호","2019-10-07","","","20","1300","1900","0900","1800","0900","1800","N","","","N","","50000","N","","2500","15","3","66","","N","2019-11-22 11:21:00.0","2026-04-29 19:09:31.0"
"SD191104","성동4호점 우리동네키움센터(응봉아이꿈누리터)","1001","우리동네키움센터","11200","성동구","1003","초등학생","127.03074","37.55021","04720","서울특별시 성동구 독서당로 381 ","현대종합상가 304호","2019-08-30","","","25","0900","1900","0900","1800","0900","1800","N","","","N","","50000","N","","2500","20","4","81","","Y","2019-11-22 11:21:00.0","2026-02-09 17:38:25.0"
"DB191105","도봉2호점 우리동네키움센터(도봉1동 별별키움센터)","1001","우리동네키움센터","11320","도봉구","1003","초등학생","127.04218","37.68484","01304","서울특별시 도봉구 도봉로181길 65-8","2층 (도봉동)","2019-10-01","","","20","1100","1900","0900","1800","1000","1800","N","","","N","","20000","N","","2000","20","4","93.39","","N","2019-11-22 11:21:00.0","2026-03-20 14:20:15.0"
"SD191102","성동2호점 우리동네키움센터(왕십리도선동아이꿈누리터)","1001","우리동네키움센터","11200","성동구","1003","초등학생","127.02553","37.56788","04700","서울특별시 성동구 마장로 141","왕십리도선동주민센터 2층 (상왕십리동)","2019-07-26","","","20","1300","2000","0900","1800","0900","1800","N","","","N","","50000","N","","2500","20","1","60","","N","2019-11-22 11:21:00.0","2026-01-05 18:07:07.0"
"SC191101","서초1호점 우리동네키움센터(서초구립우면동초등키움센터)","1001","우리동네키움센터","11650","서초구","1003","초등학생","127.01569","37.45625","06767","서울특별시 서초구 양재대로2길 110","서초우면열린문화센터 2층 (우면동)","2019-06-10","","","40","1300","1900","0900","1800","0900","1800","N","0700","1600","Y","0","","Y","0","","20","4","138.44","","N","2019-11-19 22:04:52.0","2026-03-28 14:41:33.0"
"GR191101","구로1호점 (개봉3동)우리동네키움센터","1001","우리동네키움센터","11530","구로구","1003","초등학생","126.85253804053762","37.48866397225743","08349","서울특별시 구로구 개봉로11나길 23 ","1층","2019-10-01","","","20","0900","1900","0900","1900","0900","1900","N","","","N","","50000","N","","2500","20","4","80","","N","2019-11-19 22:04:52.0","2026-02-09 16:25:02.0"
"GD191101","강동1호점 우리동네키움센터(상상나루來키움센터)","1001","우리동네키움센터","11740","강동구","1003","초등학생","127.13146","37.5506","05262","서울특별시 강동구 올림픽로98가길 28","2층, 상상나루래키움센터","2019-10-14","","","26","1000","1900","0900","1800","0900","1800","N","","","N","","40000","","","","20","4","85.64","","N","2019-11-19 22:04:52.0","2023-07-03 12:47:15.0"
"SP191104","송파1호점 우리동네키움센터(잠실본동 송파키움센터)","1001","우리동네키움센터","11710","송파구","1003","초등학생","127.08007111767261","37.50963899058105","05561","서울특별시 송파구 올림픽로8길 22","801호 (잠실동)","2019-10-01","","","20","1300","1900","0900","1900","0900","1900","N","","","N","","50000","N","","2500","20","4","66","","N","2019-11-19 22:04:52.0","2026-04-20 14:36:53.0"
"YC191101","양천구 1호점 우리동네키움센터","1001","우리동네키움센터","11470","양천구","1003","초등학생","126.84520128801716","37.51123848470527","08054","서울특별시 양천구 신정로11길 20","동일하이빌1단지아파트 관리동 ","2019-09-01","","","42.7","1000","2000","0900","1800","0900","1800","N","","","N","","50000","N","","2500","25","5","141","","N","2019-11-19 22:04:52.0","2025-10-16 16:32:20.0"
"SP191103","송파2호점 우리동네키움센터(송파1동 송파키움센터)","1001","우리동네키움센터","11710","송파구","1003","초등학생","127.10977","37.50597","05666","서울특별시 송파구 백제고분로 42길 5 ","송파여성문화회관 1층 송파1동 송파키움센터","2019-12-02","","","22","1300","1900","0900","1800","0900","1800","N","","","N","","50000","N","","2500","20","4","72","","N","2019-11-19 22:04:52.0","2025-10-17 12:14:08.0"
"GN191101","강남1호점 우리동네키움센터(태화다함께키움센터)","1001","우리동네키움센터","11680","강남구","1003","초등학생","127.09348","37.48474","06353","서울특별시 강남구 광평로 185","101호, 406호, 507호","2019-04-01","","","125","1000","1900","0900","1800","0900","1800","N","","","N","","50000","N","","2500","50","3","414.23","","N","2019-11-19 22:04:52.0","2026-04-23 09:57:02.0"
"SP191102","삼전동 송파3호점 우리동네키움센터(삼전동 송파키움센터)","1001","우리동네키움센터","11710","송파구","1003","초등학생","127.09495431545571","37.499153833689675","05598","서울특별시 송파구 백제고분로32길 35","삼전종합사회복지관 3층 삼전동 송파키움센터 (삼전동)","2019-12-01","","","25","1300","1900","0900","1800","0900","1800","N","","","N","","50000","N","","2500","20","4","81","","N","2019-11-19 22:04:52.0","2026-04-01 18:49:07.0"
"MP191101","마포2호점 우리동네키움센터(망원1동)","1001","우리동네키움센터","11440","마포구","1003","초등학생","126.90271","37.55318","04016","서울시 마포구 희우정로 77 ","상가 1층 우리동네키움센터","2019-08-22","","","30","1000","1900","0900","1800","0900","1800","N","","","N","","50000","N","","2500","25","5","99.1","","N","2019-11-19 22:04:52.0","2026-02-23 14:05:31.0"
"SP191101","송파4호점 우리동네키움센터(가락1동 송파키움센터)","1001","우리동네키움센터","11710","송파구","1003","초등학생","127.10987","37.49649","05698","서울특별시 송파구 양재대로 925","2층 (가락동)","2019-12-02","","","34","1300","1900","0900","1900","0900","1900","N","","","N","","50000","N","","2500","25","5","116","","N","2019-11-19 22:04:52.0","2026-03-04 11:43:40.0"
"SB191101","성북1호점 우리동네키움센터(장위1동)","1001","우리동네키움센터","11290","성북구","1003","초등학생","127.04584","37.61589","02755","서울특별시 성북구 장위로21다길 53","장위행복누림복합센터 3층 (장위동)","2018-06-01","","","29","1100","1900","0900","1900","0900","1900","N","","","N","","50000","N","","2500","29","5","95","","N","2019-11-19 22:04:52.0","2026-01-22 15:27:56.0"
"MP191102","마포구1호점 우리동네키움센터(성산2동)","1001","우리동네키움센터","11440","마포구","1003","초등학생","126.90583","37.56845","03940","서울특별시 마포구 월드컵로 36길52,","2층 160-7","2019-06-08","","","30","1300","1900","0800","1900","1000","1900","N","","","N","","50000","N","","2500","25","5","102","","N","2019-11-19 22:04:52.0","2026-04-30 19:02:07.0"
"YF191101","영등포1호점 우리동네키움센터 (영등포본동 아이랜드)","1001","우리동네키움센터","11560","영등포구","1003","초등학생","126.91381","37.5135","07311","서울특별시 영등포구 신길로60길 31-2","2층 (신길동)","2019-08-21","","","20","0900","1900","0900","1800","0900","1900","N","","","Y","","","","","","20","4","66.91","","N","2019-11-19 22:04:52.0","2025-10-16 14:05:26.0"
"JR191101","중랑1호점 신내동우리동네키움센터(중랑아동돌봄센터)","1001","우리동네키움센터","11260","중랑구","1003","초등학생","127.11012","37.61805","02263","서울특별시 중랑구 신내역로1길 145","1층 101호","2020-02-03","","","22","0700","2000","0900","2000","0900","2000","N","","","N","","50000","N","","2500","22","4","73","","Y","2019-11-19 22:04:52.0","2025-12-16 14:47:55.0"
"GR191102","구로2호점 우리동네키움센터(구로5동)","1001","우리동네키움센터","11530","구로구","1003","초등학생","126.88651","37.50171","08292","서울특별시 구로구 구로중앙로34길 67","구로5동 우리동네키움센터","2019-10-24","","","20","0900","1900","0900","1800","0900","1900","N","","","N","","50000","N","","2500","20","4","72","","N","2019-11-19 22:04:52.0","2025-10-13 13:32:53.0"
"DJ191101","동작1호점 우리동네키움센터(노량진2동)","1001","우리동네키움센터","11590","동작구","1003","초등학생","126.93719","37.50829","06935","서울특별시 동작구 장승배기로 19길 50","1~2층","2019-06-10","","","59","1300","1900","0900","1900","0900","1900","N","","","N","","50000","N","","2500","20","4","196","","N","2019-11-19 22:04:52.0","2025-03-13 10:43:10.0"
"SM191102","서대문구1호점 우리동네키움센터","1001","우리동네키움센터","11410","서대문구","1003","초등학생","126.90906","37.57815","03714","서울특별시 서대문구 거북골로 195-1","1, 2층 (서대문꿈나무지원센터, 북가좌동)","2019-06-03","","","64","1300","2000","0900","1900","0900","1900","N","","","N","","50000","N","","2500","28","5","214.73","","N","2019-11-19 22:04:52.0","2026-02-12 11:25:34.0"
"DM191101","동대문1호점 우리동네키움센터(희망) ","1001","우리동네키움센터","11230","동대문구","1003","초등학생","127.03033","37.57611","02583","서울특별시 동대문구 무학로 133","1-2층 (용두동) (용두동)","2019-07-01","","","55.9","1300","1900","0900","1800","0900","1900","N","0900","1500","N","","50000","N","","2500","30","6","184.7","","N","2019-11-19 22:03:55.0","2025-12-09 14:46:22.0"